CRITICAL - 2024-01-24 07:04:19 --> CodeIgniter\Exceptions\ConfigException: Config\App::$baseURL "/" is not a valid URL.
in SYSTEMPATH\HTTP\SiteURI.php on line 199.
 1 SYSTEMPATH\HTTP\SiteURI.php(145): CodeIgniter\HTTP\SiteURI->normalizeBaseURL(Object(Config\App))
 2 SYSTEMPATH\HTTP\SiteURI.php(100): CodeIgniter\HTTP\SiteURI->determineBaseURL(Object(Config\App), null, null)
 3 SYSTEMPATH\HTTP\SiteURIFactory.php(224): CodeIgniter\HTTP\SiteURI->__construct(Object(Config\App), '/', null)
 4 SYSTEMPATH\HTTP\SiteURIFactory.php(45): CodeIgniter\HTTP\SiteURIFactory->createURIFromRoutePath('/')
 5 SYSTEMPATH\Config\Services.php(799): CodeIgniter\HTTP\SiteURIFactory->createFromGlobals()
 6 SYSTEMPATH\Config\BaseService.php(258): CodeIgniter\Config\Services::uri(null, false)
 7 SYSTEMPATH\Config\BaseService.php(199): CodeIgniter\Config\BaseService::__callStatic('uri', [...])
 8 SYSTEMPATH\Config\Services.php(792): CodeIgniter\Config\BaseService::getSharedInstance('uri', null)
 9 SYSTEMPATH\Config\BaseService.php(258): CodeIgniter\Config\Services::uri()
10 SYSTEMPATH\Config\Services.php(566): CodeIgniter\Config\BaseService::__callStatic('uri', [])
11 SYSTEMPATH\Config\BaseService.php(258): CodeIgniter\Config\Services::incomingrequest(Object(Config\App), false)
12 SYSTEMPATH\Config\Services.php(524): CodeIgniter\Config\BaseService::__callStatic('incomingrequest', [...])
13 SYSTEMPATH\Config\BaseService.php(258): CodeIgniter\Config\Services::request(Object(Config\App), false)
14 SYSTEMPATH\Config\BaseService.php(199): CodeIgniter\Config\BaseService::__callStatic('request', [...])
15 SYSTEMPATH\Config\Services.php(559): CodeIgniter\Config\BaseService::getSharedInstance('request', Object(Config\App))
16 SYSTEMPATH\Config\BaseService.php(258): CodeIgniter\Config\Services::incomingrequest(Object(Config\App))
17 SYSTEMPATH\Config\Services.php(539): CodeIgniter\Config\BaseService::__callStatic('incomingrequest', [...])
18 SYSTEMPATH\Config\BaseService.php(258): CodeIgniter\Config\Services::createRequest(Object(Config\App))
19 SYSTEMPATH\CodeIgniter.php(655): CodeIgniter\Config\BaseService::__callStatic('createRequest', [...])
20 SYSTEMPATH\CodeIgniter.php(355): CodeIgniter\CodeIgniter->getRequestObject()
21 FCPATH\index.php(79): CodeIgniter\CodeIgniter->run()
CRITICAL - 2024-01-24 07:04:19 --> ErrorException: Uncaught CodeIgniter\Exceptions\ConfigException: Config\App::$baseURL "/" is not a valid URL. in C:\xampp\htdocs\web_berita\system\HTTP\SiteURI.php:199
Stack trace:
#0 C:\xampp\htdocs\web_berita\system\HTTP\SiteURI.php(145): CodeIgniter\HTTP\SiteURI->normalizeBaseURL(Object(Config\App))
#1 C:\xampp\htdocs\web_berita\system\HTTP\SiteURI.php(100): CodeIgniter\HTTP\SiteURI->determineBaseURL(Object(Config\App), NULL, NULL)
#2 C:\xampp\htdocs\web_berita\system\HTTP\SiteURIFactory.php(224): CodeIgniter\HTTP\SiteURI->__construct(Object(Config\App), '/', NULL)
#3 C:\xampp\htdocs\web_berita\system\HTTP\SiteURIFactory.php(45): CodeIgniter\HTTP\SiteURIFactory->createURIFromRoutePath('/')
#4 C:\xampp\htdocs\web_berita\system\Config\Services.php(799): CodeIgniter\HTTP\SiteURIFactory->createFromGlobals()
#5 C:\xampp\htdocs\web_berita\system\Config\BaseService.php(258): CodeIgniter\Config\Services::uri(NULL, false)
#6 C:\xampp\htdocs\web_berita\system\Config\BaseService.php(199): CodeIgniter\Config\BaseService::__callStatic
【Previous Exception】
CodeIgniter\Exceptions\ConfigException
Config\App::$baseURL "/" is not a valid URL.
#0 C:\xampp\htdocs\web_berita\system\HTTP\SiteURI.php(145): CodeIgniter\HTTP\SiteURI->normalizeBaseURL(Object(Config\App))
#1 C:\xampp\htdocs\web_berita\system\HTTP\SiteURI.php(100): CodeIgniter\HTTP\SiteURI->determineBaseURL(Object(Config\App), NULL, NULL)
#2 C:\xampp\htdocs\web_berita\system\HTTP\SiteURIFactory.php(224): CodeIgniter\HTTP\SiteURI->__construct(Object(Config\App), '/', NULL)
#3 C:\xampp\htdocs\web_berita\system\HTTP\SiteURIFactory.php(45): CodeIgniter\HTTP\SiteURIFactory->createURIFromRoutePath('/')
#4 C:\xampp\htdocs\web_berita\system\Config\Services.php(799): CodeIgniter\HTTP\SiteURIFactory->createFromGlobals()
#5 C:\xampp\htdocs\web_berita\system\Config\BaseService.php(258): CodeIgniter\Config\Services::uri(NULL, false)
#6 C:\xampp\htdocs\web_berita\system\Config\BaseService.php(199): CodeIgniter\Config\BaseService::__callStatic('uri', Array)
#7 C:\xampp\htdocs\web_berita\system\Config\Services.php(792): CodeIgniter\Config\BaseService::getSharedInstance('uri', NULL)
#8 C:\xampp\htdocs\web_berita\system\Config\BaseService.php(258): CodeIgniter\Config\Services::uri()
#9 C:\xampp\htdocs\web_berita\system\Config\Services.php(566): CodeIgniter\Config\BaseService::__callStatic('uri', Array)
#10 C:\xampp\htdocs\web_berita\system\Config\BaseService.php(258): CodeIgniter\Config\Services::incomingrequest(Object(Config\App), false)
#11 C:\xampp\htdocs\web_berita\system\Config\Services.php(524): CodeIgniter\Config\BaseService::__callStatic('incomingrequest', Array)
#12 C:\xampp\htdocs\web_berita\system\Config\BaseService.php(258): CodeIgniter\Config\Services::request(Object(Config\App), false)
#13 C:\xampp\htdocs\web_berita\system\Config\BaseService.php(199): CodeIgniter\Config\BaseService::__callStatic('request', Array)
#14 C:\xampp\htdocs\web_berita\system\Config\Services.php(559): CodeIgniter\Config\BaseService::getSharedInstance('request', Object(Config\App))
#15 C:\xampp\htdocs\web_berita\system\Config\BaseService.php(258): CodeIgniter\Config\Services::incomingrequest(Object(Config\App))
#16 C:\xampp\htdocs\web_berita\system\Config\Services.php(539): CodeIgniter\Config\BaseService::__callStatic('incomingrequest', Array)
#17 C:\xampp\htdocs\web_berita\system\Config\BaseService.php(258): CodeIgniter\Config\Services::createRequest(Object(Config\App))
#18 C:\xampp\htdocs\web_berita\system\CodeIgniter.php(655): CodeIgniter\Config\BaseService::__callStatic('createRequest', Array)
#19 C:\xampp\htdocs\web_berita\system\CodeIgniter.php(355): CodeIgniter\CodeIgniter->getRequestObject()
#20 C:\xampp\htdocs\web_berita\public\index.php(79): CodeIgniter\CodeIgniter->run()
#21 {main}
in SYSTEMPATH\HTTP\SiteURI.php on line 199.
 1 [internal function]: CodeIgniter\Debug\Exceptions->shutdownHandler()
CRITICAL - 2024-01-24 08:10:18 --> CodeIgniter\View\Exceptions\ViewException: Invalid file: "pages/backend/lalin/tambah.php"
in SYSTEMPATH\Exceptions\FrameworkException.php on line 39.
 1 SYSTEMPATH\View\View.php(216): CodeIgniter\Exceptions\FrameworkException::forInvalidFile('pages/backend/lalin/tambah.php')
 2 SYSTEMPATH\Common.php(1178): CodeIgniter\View\View->render('pages/backend/lalin/tambah', [], true)
 3 APPPATH\Controllers\admin\lalulintas.php(38): view('pages/backend/lalin/tambah', [...])
 4 SYSTEMPATH\CodeIgniter.php(941): App\Controllers\admin\lalulintas->tambah()
 5 SYSTEMPATH\CodeIgniter.php(502): CodeIgniter\CodeIgniter->runController(Object(App\Controllers\admin\lalulintas))
 6 SYSTEMPATH\CodeIgniter.php(361): CodeIgniter\CodeIgniter->handleRequest(null, Object(Config\Cache), false)
 7 FCPATH\index.php(79): CodeIgniter\CodeIgniter->run()
INFO - 2024-01-24 08:11:28 --> Session: Class initialized using 'CodeIgniter\Session\Handlers\FileHandler' driver.
INFO - 2024-01-24 08:11:28 --> Session: Class initialized using 'CodeIgniter\Session\Handlers\FileHandler' driver.
CRITICAL - 2024-01-24 08:11:41 --> ErrorException: Undefined index: foto_kesehatan
in APPPATH\Views\pages\backend\kesehatan.php on line 36.
 1 APPPATH\Views\pages\backend\kesehatan.php(36): CodeIgniter\Debug\Exceptions->errorHandler(8, 'Undefined index: foto_kesehatan', 'C:\\xampp\\htdocs\\web_berita\\app\\Views\\pages\\backend\\kesehatan.php', 36, [...])
 2 SYSTEMPATH\View\View.php(228): include('C:\\xampp\\htdocs\\web_berita\\app\\Views\\pages\\backend\\kesehatan.php')
 3 SYSTEMPATH\View\View.php(231): CodeIgniter\View\View->CodeIgniter\View\{closure}()
 4 SYSTEMPATH\Common.php(1178): CodeIgniter\View\View->render('pages/backend/kesehatan', [], true)
 5 APPPATH\Controllers\admin\kesehatan.php(29): view('pages/backend/kesehatan', [...])
 6 SYSTEMPATH\CodeIgniter.php(941): App\Controllers\admin\kesehatan->index()
 7 SYSTEMPATH\CodeIgniter.php(502): CodeIgniter\CodeIgniter->runController(Object(App\Controllers\admin\kesehatan))
 8 SYSTEMPATH\CodeIgniter.php(361): CodeIgniter\CodeIgniter->handleRequest(null, Object(Config\Cache), false)
 9 FCPATH\index.php(79): CodeIgniter\CodeIgniter->run()
INFO - 2024-01-24 08:12:51 --> Session: Class initialized using 'CodeIgniter\Session\Handlers\FileHandler' driver.
INFO - 2024-01-24 08:12:51 --> Session: Class initialized using 'CodeIgniter\Session\Handlers\FileHandler' driver.
CRITICAL - 2024-01-24 08:15:01 --> ErrorException: unlink(../public/img/kesehatan/65af304477aac.jpg): No such file or directory
in APPPATH\Controllers\admin\kesehatan.php on line 172.
 1 [internal function]: CodeIgniter\Debug\Exceptions->errorHandler(2, 'unlink(../public/img/kesehatan/65af304477aac.jpg): No such file or directory', 'C:\\xampp\\htdocs\\web_berita\\app\\Controllers\\admin\\kesehatan.php', 172, [...])
 2 APPPATH\Controllers\admin\kesehatan.php(172): unlink('../public/img/kesehatan/65af304477aac.jpg')
 3 SYSTEMPATH\CodeIgniter.php(941): App\Controllers\admin\kesehatan->delete('2')
 4 SYSTEMPATH\CodeIgniter.php(502): CodeIgniter\CodeIgniter->runController(Object(App\Controllers\admin\kesehatan))
 5 SYSTEMPATH\CodeIgniter.php(361): CodeIgniter\CodeIgniter->handleRequest(null, Object(Config\Cache), false)
 6 FCPATH\index.php(79): CodeIgniter\CodeIgniter->run()
INFO - 2024-01-24 08:16:07 --> Session: Class initialized using 'CodeIgniter\Session\Handlers\FileHandler' driver.
INFO - 2024-01-24 08:16:08 --> Session: Class initialized using 'CodeIgniter\Session\Handlers\FileHandler' driver.
INFO - 2024-01-24 08:18:35 --> Session: Class initialized using 'CodeIgniter\Session\Handlers\FileHandler' driver.
INFO - 2024-01-24 08:18:36 --> Session: Class initialized using 'CodeIgniter\Session\Handlers\FileHandler' driver.
INFO - 2024-01-24 08:19:26 --> Session: Class initialized using 'CodeIgniter\Session\Handlers\FileHandler' driver.
INFO - 2024-01-24 08:19:27 --> Session: Class initialized using 'CodeIgniter\Session\Handlers\FileHandler' driver.
CRITICAL - 2024-01-24 08:19:58 --> ErrorException: Undefined variable: bumum
in APPPATH\Views\pages\backend\kesehatan\edit.php on line 10.
 1 APPPATH\Views\pages\backend\kesehatan\edit.php(10): CodeIgniter\Debug\Exceptions->errorHandler(8, 'Undefined variable: bumum', 'C:\\xampp\\htdocs\\web_berita\\app\\Views\\pages\\backend\\kesehatan\\edit.php', 10, [...])
 2 SYSTEMPATH\View\View.php(228): include('C:\\xampp\\htdocs\\web_berita\\app\\Views\\pages\\backend\\kesehatan\\edit.php')
 3 SYSTEMPATH\View\View.php(231): CodeIgniter\View\View->CodeIgniter\View\{closure}()
 4 SYSTEMPATH\Common.php(1178): CodeIgniter\View\View->render('pages/backend/kesehatan/edit', [], true)
 5 APPPATH\Controllers\admin\kesehatan.php(110): view('pages/backend/kesehatan/edit', [...])
 6 SYSTEMPATH\CodeIgniter.php(941): App\Controllers\admin\kesehatan->edit('5')
 7 SYSTEMPATH\CodeIgniter.php(502): CodeIgniter\CodeIgniter->runController(Object(App\Controllers\admin\kesehatan))
 8 SYSTEMPATH\CodeIgniter.php(361): CodeIgniter\CodeIgniter->handleRequest(null, Object(Config\Cache), false)
 9 FCPATH\index.php(79): CodeIgniter\CodeIgniter->run()
CRITICAL - 2024-01-24 08:21:23 --> ErrorException: Undefined variable: lalulintas
in APPPATH\Views\pages\backend\kesehatan\edit.php on line 11.
 1 APPPATH\Views\pages\backend\kesehatan\edit.php(11): CodeIgniter\Debug\Exceptions->errorHandler(8, 'Undefined variable: lalulintas', 'C:\\xampp\\htdocs\\web_berita\\app\\Views\\pages\\backend\\kesehatan\\edit.php', 11, [...])
 2 SYSTEMPATH\View\View.php(228): include('C:\\xampp\\htdocs\\web_berita\\app\\Views\\pages\\backend\\kesehatan\\edit.php')
 3 SYSTEMPATH\View\View.php(231): CodeIgniter\View\View->CodeIgniter\View\{closure}()
 4 SYSTEMPATH\Common.php(1178): CodeIgniter\View\View->render('pages/backend/kesehatan/edit', [], true)
 5 APPPATH\Controllers\admin\kesehatan.php(110): view('pages/backend/kesehatan/edit', [...])
 6 SYSTEMPATH\CodeIgniter.php(941): App\Controllers\admin\kesehatan->edit('5')
 7 SYSTEMPATH\CodeIgniter.php(502): CodeIgniter\CodeIgniter->runController(Object(App\Controllers\admin\kesehatan))
 8 SYSTEMPATH\CodeIgniter.php(361): CodeIgniter\CodeIgniter->handleRequest(null, Object(Config\Cache), false)
 9 FCPATH\index.php(79): CodeIgniter\CodeIgniter->run()
CRITICAL - 2024-01-24 08:21:42 --> ErrorException: Undefined variable: lalin
in APPPATH\Views\pages\backend\kesehatan\edit.php on line 11.
 1 APPPATH\Views\pages\backend\kesehatan\edit.php(11): CodeIgniter\Debug\Exceptions->errorHandler(8, 'Undefined variable: lalin', 'C:\\xampp\\htdocs\\web_berita\\app\\Views\\pages\\backend\\kesehatan\\edit.php', 11, [...])
 2 SYSTEMPATH\View\View.php(228): include('C:\\xampp\\htdocs\\web_berita\\app\\Views\\pages\\backend\\kesehatan\\edit.php')
 3 SYSTEMPATH\View\View.php(231): CodeIgniter\View\View->CodeIgniter\View\{closure}()
 4 SYSTEMPATH\Common.php(1178): CodeIgniter\View\View->render('pages/backend/kesehatan/edit', [], true)
 5 APPPATH\Controllers\admin\kesehatan.php(110): view('pages/backend/kesehatan/edit', [...])
 6 SYSTEMPATH\CodeIgniter.php(941): App\Controllers\admin\kesehatan->edit('5')
 7 SYSTEMPATH\CodeIgniter.php(502): CodeIgniter\CodeIgniter->runController(Object(App\Controllers\admin\kesehatan))
 8 SYSTEMPATH\CodeIgniter.php(361): CodeIgniter\CodeIgniter->handleRequest(null, Object(Config\Cache), false)
 9 FCPATH\index.php(79): CodeIgniter\CodeIgniter->run()
CRITICAL - 2024-01-24 08:22:11 --> ErrorException: Undefined variable: lalin
in APPPATH\Views\pages\backend\kesehatan\edit.php on line 11.
 1 APPPATH\Views\pages\backend\kesehatan\edit.php(11): CodeIgniter\Debug\Exceptions->errorHandler(8, 'Undefined variable: lalin', 'C:\\xampp\\htdocs\\web_berita\\app\\Views\\pages\\backend\\kesehatan\\edit.php', 11, [...])
 2 SYSTEMPATH\View\View.php(228): include('C:\\xampp\\htdocs\\web_berita\\app\\Views\\pages\\backend\\kesehatan\\edit.php')
 3 SYSTEMPATH\View\View.php(231): CodeIgniter\View\View->CodeIgniter\View\{closure}()
 4 SYSTEMPATH\Common.php(1178): CodeIgniter\View\View->render('pages/backend/kesehatan/edit', [], true)
 5 APPPATH\Controllers\admin\kesehatan.php(110): view('pages/backend/kesehatan/edit', [...])
 6 SYSTEMPATH\CodeIgniter.php(941): App\Controllers\admin\kesehatan->edit('5')
 7 SYSTEMPATH\CodeIgniter.php(502): CodeIgniter\CodeIgniter->runController(Object(App\Controllers\admin\kesehatan))
 8 SYSTEMPATH\CodeIgniter.php(361): CodeIgniter\CodeIgniter->handleRequest(null, Object(Config\Cache), false)
 9 FCPATH\index.php(79): CodeIgniter\CodeIgniter->run()
CRITICAL - 2024-01-24 08:23:13 --> ErrorException: Undefined index: judul_kesehatan
in APPPATH\Views\pages\backend\kesehatan\edit.php on line 17.
 1 APPPATH\Views\pages\backend\kesehatan\edit.php(17): CodeIgniter\Debug\Exceptions->errorHandler(8, 'Undefined index: judul_kesehatan', 'C:\\xampp\\htdocs\\web_berita\\app\\Views\\pages\\backend\\kesehatan\\edit.php', 17, [...])
 2 SYSTEMPATH\View\View.php(228): include('C:\\xampp\\htdocs\\web_berita\\app\\Views\\pages\\backend\\kesehatan\\edit.php')
 3 SYSTEMPATH\View\View.php(231): CodeIgniter\View\View->CodeIgniter\View\{closure}()
 4 SYSTEMPATH\Common.php(1178): CodeIgniter\View\View->render('pages/backend/kesehatan/edit', [], true)
 5 APPPATH\Controllers\admin\kesehatan.php(110): view('pages/backend/kesehatan/edit', [...])
 6 SYSTEMPATH\CodeIgniter.php(941): App\Controllers\admin\kesehatan->edit('5')
 7 SYSTEMPATH\CodeIgniter.php(502): CodeIgniter\CodeIgniter->runController(Object(App\Controllers\admin\kesehatan))
 8 SYSTEMPATH\CodeIgniter.php(361): CodeIgniter\CodeIgniter->handleRequest(null, Object(Config\Cache), false)
 9 FCPATH\index.php(79): CodeIgniter\CodeIgniter->run()
CRITICAL - 2024-01-24 08:23:34 --> ErrorException: Undefined index: foto_kesehatan
in APPPATH\Views\pages\backend\kesehatan\edit.php on line 34.
 1 APPPATH\Views\pages\backend\kesehatan\edit.php(34): CodeIgniter\Debug\Exceptions->errorHandler(8, 'Undefined index: foto_kesehatan', 'C:\\xampp\\htdocs\\web_berita\\app\\Views\\pages\\backend\\kesehatan\\edit.php', 34, [...])
 2 SYSTEMPATH\View\View.php(228): include('C:\\xampp\\htdocs\\web_berita\\app\\Views\\pages\\backend\\kesehatan\\edit.php')
 3 SYSTEMPATH\View\View.php(231): CodeIgniter\View\View->CodeIgniter\View\{closure}()
 4 SYSTEMPATH\Common.php(1178): CodeIgniter\View\View->render('pages/backend/kesehatan/edit', [], true)
 5 APPPATH\Controllers\admin\kesehatan.php(110): view('pages/backend/kesehatan/edit', [...])
 6 SYSTEMPATH\CodeIgniter.php(941): App\Controllers\admin\kesehatan->edit('5')
 7 SYSTEMPATH\CodeIgniter.php(502): CodeIgniter\CodeIgniter->runController(Object(App\Controllers\admin\kesehatan))
 8 SYSTEMPATH\CodeIgniter.php(361): CodeIgniter\CodeIgniter->handleRequest(null, Object(Config\Cache), false)
 9 FCPATH\index.php(79): CodeIgniter\CodeIgniter->run()
CRITICAL - 2024-01-24 08:23:44 --> ErrorException: Trying to access array offset on value of type null
in APPPATH\Views\pages\backend\kesehatan\edit.php on line 11.
 1 APPPATH\Views\pages\backend\kesehatan\edit.php(11): CodeIgniter\Debug\Exceptions->errorHandler(8, 'Trying to access array offset on value of type null', 'C:\\xampp\\htdocs\\web_berita\\app\\Views\\pages\\backend\\kesehatan\\edit.php', 11, [...])
 2 SYSTEMPATH\View\View.php(228): include('C:\\xampp\\htdocs\\web_berita\\app\\Views\\pages\\backend\\kesehatan\\edit.php')
 3 SYSTEMPATH\View\View.php(231): CodeIgniter\View\View->CodeIgniter\View\{closure}()
 4 SYSTEMPATH\Common.php(1178): CodeIgniter\View\View->render('pages/backend/kesehatan/edit', [], true)
 5 APPPATH\Controllers\admin\kesehatan.php(110): view('pages/backend/kesehatan/edit', [...])
 6 SYSTEMPATH\CodeIgniter.php(941): App\Controllers\admin\kesehatan->edit('logo.png')
 7 SYSTEMPATH\CodeIgniter.php(502): CodeIgniter\CodeIgniter->runController(Object(App\Controllers\admin\kesehatan))
 8 SYSTEMPATH\CodeIgniter.php(361): CodeIgniter\CodeIgniter->handleRequest(null, Object(Config\Cache), false)
 9 FCPATH\index.php(79): CodeIgniter\CodeIgniter->run()
CRITICAL - 2024-01-24 08:24:19 --> CodeIgniter\View\Exceptions\ViewException: Invalid file: "pages/backend/lalin/tambah.php"
in SYSTEMPATH\Exceptions\FrameworkException.php on line 39.
 1 SYSTEMPATH\View\View.php(216): CodeIgniter\Exceptions\FrameworkException::forInvalidFile('pages/backend/lalin/tambah.php')
 2 SYSTEMPATH\Common.php(1178): CodeIgniter\View\View->render('pages/backend/lalin/tambah', [], true)
 3 APPPATH\Controllers\admin\lalulintas.php(38): view('pages/backend/lalin/tambah', [...])
 4 SYSTEMPATH\CodeIgniter.php(941): App\Controllers\admin\lalulintas->tambah()
 5 SYSTEMPATH\CodeIgniter.php(502): CodeIgniter\CodeIgniter->runController(Object(App\Controllers\admin\lalulintas))
 6 SYSTEMPATH\CodeIgniter.php(361): CodeIgniter\CodeIgniter->handleRequest(null, Object(Config\Cache), false)
 7 FCPATH\index.php(79): CodeIgniter\CodeIgniter->run()
INFO - 2024-01-24 08:25:40 --> Session: Class initialized using 'CodeIgniter\Session\Handlers\FileHandler' driver.
INFO - 2024-01-24 08:25:41 --> Session: Class initialized using 'CodeIgniter\Session\Handlers\FileHandler' driver.
INFO - 2024-01-24 08:26:39 --> Session: Class initialized using 'CodeIgniter\Session\Handlers\FileHandler' driver.
INFO - 2024-01-24 08:26:39 --> Session: Class initialized using 'CodeIgniter\Session\Handlers\FileHandler' driver.
INFO - 2024-01-24 08:26:50 --> Session: Class initialized using 'CodeIgniter\Session\Handlers\FileHandler' driver.
INFO - 2024-01-24 08:26:50 --> Session: Class initialized using 'CodeIgniter\Session\Handlers\FileHandler' driver.
INFO - 2024-01-24 08:27:18 --> Session: Class initialized using 'CodeIgniter\Session\Handlers\FileHandler' driver.
INFO - 2024-01-24 08:27:21 --> Session: Class initialized using 'CodeIgniter\Session\Handlers\FileHandler' driver.
INFO - 2024-01-24 08:27:22 --> Session: Class initialized using 'CodeIgniter\Session\Handlers\FileHandler' driver.
CRITICAL - 2024-01-24 08:28:46 --> ErrorException: Trying to access array offset on value of type null
in APPPATH\Views\pages\backend\lalin\edit.php on line 11.
 1 APPPATH\Views\pages\backend\lalin\edit.php(11): CodeIgniter\Debug\Exceptions->errorHandler(8, 'Trying to access array offset on value of type null', 'C:\\xampp\\htdocs\\web_berita\\app\\Views\\pages\\backend\\lalin\\edit.php', 11, [...])
 2 SYSTEMPATH\View\View.php(228): include('C:\\xampp\\htdocs\\web_berita\\app\\Views\\pages\\backend\\lalin\\edit.php')
 3 SYSTEMPATH\View\View.php(231): CodeIgniter\View\View->CodeIgniter\View\{closure}()
 4 SYSTEMPATH\Common.php(1178): CodeIgniter\View\View->render('pages/backend/lalin/edit', [], true)
 5 APPPATH\Controllers\admin\lalulintas.php(110): view('pages/backend/lalin/edit', [...])
 6 SYSTEMPATH\CodeIgniter.php(941): App\Controllers\admin\lalulintas->edit('logo.png')
 7 SYSTEMPATH\CodeIgniter.php(502): CodeIgniter\CodeIgniter->runController(Object(App\Controllers\admin\lalulintas))
 8 SYSTEMPATH\CodeIgniter.php(361): CodeIgniter\CodeIgniter->handleRequest(null, Object(Config\Cache), false)
 9 FCPATH\index.php(79): CodeIgniter\CodeIgniter->run()
CRITICAL - 2024-01-24 08:29:05 --> ErrorException: Trying to access array offset on value of type null
in APPPATH\Views\pages\backend\lalin\edit.php on line 11.
 1 APPPATH\Views\pages\backend\lalin\edit.php(11): CodeIgniter\Debug\Exceptions->errorHandler(8, 'Trying to access array offset on value of type null', 'C:\\xampp\\htdocs\\web_berita\\app\\Views\\pages\\backend\\lalin\\edit.php', 11, [...])
 2 SYSTEMPATH\View\View.php(228): include('C:\\xampp\\htdocs\\web_berita\\app\\Views\\pages\\backend\\lalin\\edit.php')
 3 SYSTEMPATH\View\View.php(231): CodeIgniter\View\View->CodeIgniter\View\{closure}()
 4 SYSTEMPATH\Common.php(1178): CodeIgniter\View\View->render('pages/backend/lalin/edit', [], true)
 5 APPPATH\Controllers\admin\lalulintas.php(110): view('pages/backend/lalin/edit', [...])
 6 SYSTEMPATH\CodeIgniter.php(941): App\Controllers\admin\lalulintas->edit('logo.png')
 7 SYSTEMPATH\CodeIgniter.php(502): CodeIgniter\CodeIgniter->runController(Object(App\Controllers\admin\lalulintas))
 8 SYSTEMPATH\CodeIgniter.php(361): CodeIgniter\CodeIgniter->handleRequest(null, Object(Config\Cache), false)
 9 FCPATH\index.php(79): CodeIgniter\CodeIgniter->run()
CRITICAL - 2024-01-24 08:41:55 --> ErrorException: Undefined variable: lalin
in APPPATH\Views\pages\frontend\index.php on line 61.
 1 APPPATH\Views\pages\frontend\index.php(61): CodeIgniter\Debug\Exceptions->errorHandler(8, 'Undefined variable: lalin', 'C:\\xampp\\htdocs\\web_berita\\app\\Views\\pages\\frontend\\index.php', 61, [...])
 2 SYSTEMPATH\View\View.php(228): include('C:\\xampp\\htdocs\\web_berita\\app\\Views\\pages\\frontend\\index.php')
 3 SYSTEMPATH\View\View.php(231): CodeIgniter\View\View->CodeIgniter\View\{closure}()
 4 SYSTEMPATH\Common.php(1178): CodeIgniter\View\View->render('pages/frontend/index', [], true)
 5 APPPATH\Controllers\Home.php(33): view('pages/frontend/index', [...])
 6 SYSTEMPATH\CodeIgniter.php(941): App\Controllers\Home->index()
 7 SYSTEMPATH\CodeIgniter.php(502): CodeIgniter\CodeIgniter->runController(Object(App\Controllers\Home))
 8 SYSTEMPATH\CodeIgniter.php(361): CodeIgniter\CodeIgniter->handleRequest(null, Object(Config\Cache), false)
 9 FCPATH\index.php(79): CodeIgniter\CodeIgniter->run()
INFO - 2024-01-24 08:42:45 --> Session: Class initialized using 'CodeIgniter\Session\Handlers\FileHandler' driver.
INFO - 2024-01-24 08:42:46 --> Session: Class initialized using 'CodeIgniter\Session\Handlers\FileHandler' driver.
CRITICAL - 2024-01-24 08:43:53 --> ErrorException: Undefined index: foto_lalin
in APPPATH\Views\pages\frontend\index.php on line 16.
 1 APPPATH\Views\pages\frontend\index.php(16): CodeIgniter\Debug\Exceptions->errorHandler(8, 'Undefined index: foto_lalin', 'C:\\xampp\\htdocs\\web_berita\\app\\Views\\pages\\frontend\\index.php', 16, [...])
 2 SYSTEMPATH\View\View.php(228): include('C:\\xampp\\htdocs\\web_berita\\app\\Views\\pages\\frontend\\index.php')
 3 SYSTEMPATH\View\View.php(231): CodeIgniter\View\View->CodeIgniter\View\{closure}()
 4 SYSTEMPATH\Common.php(1178): CodeIgniter\View\View->render('pages/frontend/index', [], true)
 5 APPPATH\Controllers\Home.php(33): view('pages/frontend/index', [...])
 6 SYSTEMPATH\CodeIgniter.php(941): App\Controllers\Home->index()
 7 SYSTEMPATH\CodeIgniter.php(502): CodeIgniter\CodeIgniter->runController(Object(App\Controllers\Home))
 8 SYSTEMPATH\CodeIgniter.php(361): CodeIgniter\CodeIgniter->handleRequest(null, Object(Config\Cache), false)
 9 FCPATH\index.php(79): CodeIgniter\CodeIgniter->run()
CRITICAL - 2024-01-24 08:44:33 --> ErrorException: Undefined index: foto_lalin
in APPPATH\Views\pages\frontend\index.php on line 16.
 1 APPPATH\Views\pages\frontend\index.php(16): CodeIgniter\Debug\Exceptions->errorHandler(8, 'Undefined index: foto_lalin', 'C:\\xampp\\htdocs\\web_berita\\app\\Views\\pages\\frontend\\index.php', 16, [...])
 2 SYSTEMPATH\View\View.php(228): include('C:\\xampp\\htdocs\\web_berita\\app\\Views\\pages\\frontend\\index.php')
 3 SYSTEMPATH\View\View.php(231): CodeIgniter\View\View->CodeIgniter\View\{closure}()
 4 SYSTEMPATH\Common.php(1178): CodeIgniter\View\View->render('pages/frontend/index', [], true)
 5 APPPATH\Controllers\Home.php(33): view('pages/frontend/index', [...])
 6 SYSTEMPATH\CodeIgniter.php(941): App\Controllers\Home->index()
 7 SYSTEMPATH\CodeIgniter.php(502): CodeIgniter\CodeIgniter->runController(Object(App\Controllers\Home))
 8 SYSTEMPATH\CodeIgniter.php(361): CodeIgniter\CodeIgniter->handleRequest(null, Object(Config\Cache), false)
 9 FCPATH\index.php(79): CodeIgniter\CodeIgniter->run()
INFO - 2024-01-24 08:45:01 --> Session: Class initialized using 'CodeIgniter\Session\Handlers\FileHandler' driver.
INFO - 2024-01-24 08:45:01 --> Session: Class initialized using 'CodeIgniter\Session\Handlers\FileHandler' driver.
CRITICAL - 2024-01-24 08:48:03 --> ErrorException: Undefined index: foto_kes
in APPPATH\Views\pages\frontend\index.php on line 10.
 1 APPPATH\Views\pages\frontend\index.php(10): CodeIgniter\Debug\Exceptions->errorHandler(8, 'Undefined index: foto_kes', 'C:\\xampp\\htdocs\\web_berita\\app\\Views\\pages\\frontend\\index.php', 10, [...])
 2 SYSTEMPATH\View\View.php(228): include('C:\\xampp\\htdocs\\web_berita\\app\\Views\\pages\\frontend\\index.php')
 3 SYSTEMPATH\View\View.php(231): CodeIgniter\View\View->CodeIgniter\View\{closure}()
 4 SYSTEMPATH\Common.php(1178): CodeIgniter\View\View->render('pages/frontend/index', [], true)
 5 APPPATH\Controllers\Home.php(33): view('pages/frontend/index', [...])
 6 SYSTEMPATH\CodeIgniter.php(941): App\Controllers\Home->index()
 7 SYSTEMPATH\CodeIgniter.php(502): CodeIgniter\CodeIgniter->runController(Object(App\Controllers\Home))
 8 SYSTEMPATH\CodeIgniter.php(361): CodeIgniter\CodeIgniter->handleRequest(null, Object(Config\Cache), false)
 9 FCPATH\index.php(79): CodeIgniter\CodeIgniter->run()
CRITICAL - 2024-01-24 08:49:51 --> ErrorException: Illegal string offset 'foto_kesehatan'
in APPPATH\Views\pages\frontend\index.php on line 43.
 1 APPPATH\Views\pages\frontend\index.php(43): CodeIgniter\Debug\Exceptions->errorHandler(2, 'Illegal string offset \'foto_kesehatan\'', 'C:\\xampp\\htdocs\\web_berita\\app\\Views\\pages\\frontend\\index.php', 43, [...])
 2 SYSTEMPATH\View\View.php(228): include('C:\\xampp\\htdocs\\web_berita\\app\\Views\\pages\\frontend\\index.php')
 3 SYSTEMPATH\View\View.php(231): CodeIgniter\View\View->CodeIgniter\View\{closure}()
 4 SYSTEMPATH\Common.php(1178): CodeIgniter\View\View->render('pages/frontend/index', [], true)
 5 APPPATH\Controllers\Home.php(33): view('pages/frontend/index', [...])
 6 SYSTEMPATH\CodeIgniter.php(941): App\Controllers\Home->index()
 7 SYSTEMPATH\CodeIgniter.php(502): CodeIgniter\CodeIgniter->runController(Object(App\Controllers\Home))
 8 SYSTEMPATH\CodeIgniter.php(361): CodeIgniter\CodeIgniter->handleRequest(null, Object(Config\Cache), false)
 9 FCPATH\index.php(79): CodeIgniter\CodeIgniter->run()
CRITICAL - 2024-01-24 08:50:10 --> ErrorException: Illegal string offset 'foto_kes'
in APPPATH\Views\pages\frontend\index.php on line 43.
 1 APPPATH\Views\pages\frontend\index.php(43): CodeIgniter\Debug\Exceptions->errorHandler(2, 'Illegal string offset \'foto_kes\'', 'C:\\xampp\\htdocs\\web_berita\\app\\Views\\pages\\frontend\\index.php', 43, [...])
 2 SYSTEMPATH\View\View.php(228): include('C:\\xampp\\htdocs\\web_berita\\app\\Views\\pages\\frontend\\index.php')
 3 SYSTEMPATH\View\View.php(231): CodeIgniter\View\View->CodeIgniter\View\{closure}()
 4 SYSTEMPATH\Common.php(1178): CodeIgniter\View\View->render('pages/frontend/index', [], true)
 5 APPPATH\Controllers\Home.php(33): view('pages/frontend/index', [...])
 6 SYSTEMPATH\CodeIgniter.php(941): App\Controllers\Home->index()
 7 SYSTEMPATH\CodeIgniter.php(502): CodeIgniter\CodeIgniter->runController(Object(App\Controllers\Home))
 8 SYSTEMPATH\CodeIgniter.php(361): CodeIgniter\CodeIgniter->handleRequest(null, Object(Config\Cache), false)
 9 FCPATH\index.php(79): CodeIgniter\CodeIgniter->run()
CRITICAL - 2024-01-24 08:50:42 --> ErrorException: Trying to access array offset on value of type null
in APPPATH\Views\pages\backend\kesehatan\edit.php on line 11.
 1 APPPATH\Views\pages\backend\kesehatan\edit.php(11): CodeIgniter\Debug\Exceptions->errorHandler(8, 'Trying to access array offset on value of type null', 'C:\\xampp\\htdocs\\web_berita\\app\\Views\\pages\\backend\\kesehatan\\edit.php', 11, [...])
 2 SYSTEMPATH\View\View.php(228): include('C:\\xampp\\htdocs\\web_berita\\app\\Views\\pages\\backend\\kesehatan\\edit.php')
 3 SYSTEMPATH\View\View.php(231): CodeIgniter\View\View->CodeIgniter\View\{closure}()
 4 SYSTEMPATH\Common.php(1178): CodeIgniter\View\View->render('pages/backend/kesehatan/edit', [], true)
 5 APPPATH\Controllers\admin\kesehatan.php(110): view('pages/backend/kesehatan/edit', [...])
 6 SYSTEMPATH\CodeIgniter.php(941): App\Controllers\admin\kesehatan->edit('logo.png')
 7 SYSTEMPATH\CodeIgniter.php(502): CodeIgniter\CodeIgniter->runController(Object(App\Controllers\admin\kesehatan))
 8 SYSTEMPATH\CodeIgniter.php(361): CodeIgniter\CodeIgniter->handleRequest(null, Object(Config\Cache), false)
 9 FCPATH\index.php(79): CodeIgniter\CodeIgniter->run()
CRITICAL - 2024-01-24 08:50:55 --> ErrorException: Illegal string offset 'foto_kes'
in APPPATH\Views\pages\frontend\index.php on line 43.
 1 APPPATH\Views\pages\frontend\index.php(43): CodeIgniter\Debug\Exceptions->errorHandler(2, 'Illegal string offset \'foto_kes\'', 'C:\\xampp\\htdocs\\web_berita\\app\\Views\\pages\\frontend\\index.php', 43, [...])
 2 SYSTEMPATH\View\View.php(228): include('C:\\xampp\\htdocs\\web_berita\\app\\Views\\pages\\frontend\\index.php')
 3 SYSTEMPATH\View\View.php(231): CodeIgniter\View\View->CodeIgniter\View\{closure}()
 4 SYSTEMPATH\Common.php(1178): CodeIgniter\View\View->render('pages/frontend/index', [], true)
 5 APPPATH\Controllers\Home.php(33): view('pages/frontend/index', [...])
 6 SYSTEMPATH\CodeIgniter.php(941): App\Controllers\Home->index()
 7 SYSTEMPATH\CodeIgniter.php(502): CodeIgniter\CodeIgniter->runController(Object(App\Controllers\Home))
 8 SYSTEMPATH\CodeIgniter.php(361): CodeIgniter\CodeIgniter->handleRequest(null, Object(Config\Cache), false)
 9 FCPATH\index.php(79): CodeIgniter\CodeIgniter->run()
CRITICAL - 2024-01-24 08:52:27 --> ErrorException: Illegal string offset 'foto_kes'
in APPPATH\Views\pages\frontend\index.php on line 43.
 1 APPPATH\Views\pages\frontend\index.php(43): CodeIgniter\Debug\Exceptions->errorHandler(2, 'Illegal string offset \'foto_kes\'', 'C:\\xampp\\htdocs\\web_berita\\app\\Views\\pages\\frontend\\index.php', 43, [...])
 2 SYSTEMPATH\View\View.php(228): include('C:\\xampp\\htdocs\\web_berita\\app\\Views\\pages\\frontend\\index.php')
 3 SYSTEMPATH\View\View.php(231): CodeIgniter\View\View->CodeIgniter\View\{closure}()
 4 SYSTEMPATH\Common.php(1178): CodeIgniter\View\View->render('pages/frontend/index', [], true)
 5 APPPATH\Controllers\Home.php(33): view('pages/frontend/index', [...])
 6 SYSTEMPATH\CodeIgniter.php(941): App\Controllers\Home->index()
 7 SYSTEMPATH\CodeIgniter.php(502): CodeIgniter\CodeIgniter->runController(Object(App\Controllers\Home))
 8 SYSTEMPATH\CodeIgniter.php(361): CodeIgniter\CodeIgniter->handleRequest(null, Object(Config\Cache), false)
 9 FCPATH\index.php(79): CodeIgniter\CodeIgniter->run()
CRITICAL - 2024-01-24 08:52:29 --> ErrorException: Illegal string offset 'foto_kes'
in APPPATH\Views\pages\frontend\index.php on line 43.
 1 APPPATH\Views\pages\frontend\index.php(43): CodeIgniter\Debug\Exceptions->errorHandler(2, 'Illegal string offset \'foto_kes\'', 'C:\\xampp\\htdocs\\web_berita\\app\\Views\\pages\\frontend\\index.php', 43, [...])
 2 SYSTEMPATH\View\View.php(228): include('C:\\xampp\\htdocs\\web_berita\\app\\Views\\pages\\frontend\\index.php')
 3 SYSTEMPATH\View\View.php(231): CodeIgniter\View\View->CodeIgniter\View\{closure}()
 4 SYSTEMPATH\Common.php(1178): CodeIgniter\View\View->render('pages/frontend/index', [], true)
 5 APPPATH\Controllers\Home.php(33): view('pages/frontend/index', [...])
 6 SYSTEMPATH\CodeIgniter.php(941): App\Controllers\Home->index()
 7 SYSTEMPATH\CodeIgniter.php(502): CodeIgniter\CodeIgniter->runController(Object(App\Controllers\Home))
 8 SYSTEMPATH\CodeIgniter.php(361): CodeIgniter\CodeIgniter->handleRequest(null, Object(Config\Cache), false)
 9 FCPATH\index.php(79): CodeIgniter\CodeIgniter->run()
CRITICAL - 2024-01-24 08:52:35 --> ErrorException: Illegal string offset 'foto_kes'
in APPPATH\Views\pages\frontend\index.php on line 43.
 1 APPPATH\Views\pages\frontend\index.php(43): CodeIgniter\Debug\Exceptions->errorHandler(2, 'Illegal string offset \'foto_kes\'', 'C:\\xampp\\htdocs\\web_berita\\app\\Views\\pages\\frontend\\index.php', 43, [...])
 2 SYSTEMPATH\View\View.php(228): include('C:\\xampp\\htdocs\\web_berita\\app\\Views\\pages\\frontend\\index.php')
 3 SYSTEMPATH\View\View.php(231): CodeIgniter\View\View->CodeIgniter\View\{closure}()
 4 SYSTEMPATH\Common.php(1178): CodeIgniter\View\View->render('pages/frontend/index', [], true)
 5 APPPATH\Controllers\Home.php(33): view('pages/frontend/index', [...])
 6 SYSTEMPATH\CodeIgniter.php(941): App\Controllers\Home->index()
 7 SYSTEMPATH\CodeIgniter.php(502): CodeIgniter\CodeIgniter->runController(Object(App\Controllers\Home))
 8 SYSTEMPATH\CodeIgniter.php(361): CodeIgniter\CodeIgniter->handleRequest(null, Object(Config\Cache), false)
 9 FCPATH\index.php(79): CodeIgniter\CodeIgniter->run()
CRITICAL - 2024-01-24 08:52:36 --> ErrorException: Illegal string offset 'foto_kes'
in APPPATH\Views\pages\frontend\index.php on line 43.
 1 APPPATH\Views\pages\frontend\index.php(43): CodeIgniter\Debug\Exceptions->errorHandler(2, 'Illegal string offset \'foto_kes\'', 'C:\\xampp\\htdocs\\web_berita\\app\\Views\\pages\\frontend\\index.php', 43, [...])
 2 SYSTEMPATH\View\View.php(228): include('C:\\xampp\\htdocs\\web_berita\\app\\Views\\pages\\frontend\\index.php')
 3 SYSTEMPATH\View\View.php(231): CodeIgniter\View\View->CodeIgniter\View\{closure}()
 4 SYSTEMPATH\Common.php(1178): CodeIgniter\View\View->render('pages/frontend/index', [], true)
 5 APPPATH\Controllers\Home.php(33): view('pages/frontend/index', [...])
 6 SYSTEMPATH\CodeIgniter.php(941): App\Controllers\Home->index()
 7 SYSTEMPATH\CodeIgniter.php(502): CodeIgniter\CodeIgniter->runController(Object(App\Controllers\Home))
 8 SYSTEMPATH\CodeIgniter.php(361): CodeIgniter\CodeIgniter->handleRequest(null, Object(Config\Cache), false)
 9 FCPATH\index.php(79): CodeIgniter\CodeIgniter->run()
CRITICAL - 2024-01-24 08:52:36 --> ErrorException: Illegal string offset 'foto_kes'
in APPPATH\Views\pages\frontend\index.php on line 43.
 1 APPPATH\Views\pages\frontend\index.php(43): CodeIgniter\Debug\Exceptions->errorHandler(2, 'Illegal string offset \'foto_kes\'', 'C:\\xampp\\htdocs\\web_berita\\app\\Views\\pages\\frontend\\index.php', 43, [...])
 2 SYSTEMPATH\View\View.php(228): include('C:\\xampp\\htdocs\\web_berita\\app\\Views\\pages\\frontend\\index.php')
 3 SYSTEMPATH\View\View.php(231): CodeIgniter\View\View->CodeIgniter\View\{closure}()
 4 SYSTEMPATH\Common.php(1178): CodeIgniter\View\View->render('pages/frontend/index', [], true)
 5 APPPATH\Controllers\Home.php(33): view('pages/frontend/index', [...])
 6 SYSTEMPATH\CodeIgniter.php(941): App\Controllers\Home->index()
 7 SYSTEMPATH\CodeIgniter.php(502): CodeIgniter\CodeIgniter->runController(Object(App\Controllers\Home))
 8 SYSTEMPATH\CodeIgniter.php(361): CodeIgniter\CodeIgniter->handleRequest(null, Object(Config\Cache), false)
 9 FCPATH\index.php(79): CodeIgniter\CodeIgniter->run()
CRITICAL - 2024-01-24 08:52:37 --> ErrorException: Illegal string offset 'foto_kes'
in APPPATH\Views\pages\frontend\index.php on line 43.
 1 APPPATH\Views\pages\frontend\index.php(43): CodeIgniter\Debug\Exceptions->errorHandler(2, 'Illegal string offset \'foto_kes\'', 'C:\\xampp\\htdocs\\web_berita\\app\\Views\\pages\\frontend\\index.php', 43, [...])
 2 SYSTEMPATH\View\View.php(228): include('C:\\xampp\\htdocs\\web_berita\\app\\Views\\pages\\frontend\\index.php')
 3 SYSTEMPATH\View\View.php(231): CodeIgniter\View\View->CodeIgniter\View\{closure}()
 4 SYSTEMPATH\Common.php(1178): CodeIgniter\View\View->render('pages/frontend/index', [], true)
 5 APPPATH\Controllers\Home.php(33): view('pages/frontend/index', [...])
 6 SYSTEMPATH\CodeIgniter.php(941): App\Controllers\Home->index()
 7 SYSTEMPATH\CodeIgniter.php(502): CodeIgniter\CodeIgniter->runController(Object(App\Controllers\Home))
 8 SYSTEMPATH\CodeIgniter.php(361): CodeIgniter\CodeIgniter->handleRequest(null, Object(Config\Cache), false)
 9 FCPATH\index.php(79): CodeIgniter\CodeIgniter->run()
CRITICAL - 2024-01-24 08:52:37 --> ErrorException: Illegal string offset 'foto_kes'
in APPPATH\Views\pages\frontend\index.php on line 43.
 1 APPPATH\Views\pages\frontend\index.php(43): CodeIgniter\Debug\Exceptions->errorHandler(2, 'Illegal string offset \'foto_kes\'', 'C:\\xampp\\htdocs\\web_berita\\app\\Views\\pages\\frontend\\index.php', 43, [...])
 2 SYSTEMPATH\View\View.php(228): include('C:\\xampp\\htdocs\\web_berita\\app\\Views\\pages\\frontend\\index.php')
 3 SYSTEMPATH\View\View.php(231): CodeIgniter\View\View->CodeIgniter\View\{closure}()
 4 SYSTEMPATH\Common.php(1178): CodeIgniter\View\View->render('pages/frontend/index', [], true)
 5 APPPATH\Controllers\Home.php(33): view('pages/frontend/index', [...])
 6 SYSTEMPATH\CodeIgniter.php(941): App\Controllers\Home->index()
 7 SYSTEMPATH\CodeIgniter.php(502): CodeIgniter\CodeIgniter->runController(Object(App\Controllers\Home))
 8 SYSTEMPATH\CodeIgniter.php(361): CodeIgniter\CodeIgniter->handleRequest(null, Object(Config\Cache), false)
 9 FCPATH\index.php(79): CodeIgniter\CodeIgniter->run()
CRITICAL - 2024-01-24 08:53:12 --> ErrorException: Illegal string offset 'foto_kes'
in APPPATH\Views\pages\frontend\index.php on line 43.
 1 APPPATH\Views\pages\frontend\index.php(43): CodeIgniter\Debug\Exceptions->errorHandler(2, 'Illegal string offset \'foto_kes\'', 'C:\\xampp\\htdocs\\web_berita\\app\\Views\\pages\\frontend\\index.php', 43, [...])
 2 SYSTEMPATH\View\View.php(228): include('C:\\xampp\\htdocs\\web_berita\\app\\Views\\pages\\frontend\\index.php')
 3 SYSTEMPATH\View\View.php(231): CodeIgniter\View\View->CodeIgniter\View\{closure}()
 4 SYSTEMPATH\Common.php(1178): CodeIgniter\View\View->render('pages/frontend/index', [], true)
 5 APPPATH\Controllers\Home.php(33): view('pages/frontend/index', [...])
 6 SYSTEMPATH\CodeIgniter.php(941): App\Controllers\Home->index()
 7 SYSTEMPATH\CodeIgniter.php(502): CodeIgniter\CodeIgniter->runController(Object(App\Controllers\Home))
 8 SYSTEMPATH\CodeIgniter.php(361): CodeIgniter\CodeIgniter->handleRequest(null, Object(Config\Cache), false)
 9 FCPATH\index.php(79): CodeIgniter\CodeIgniter->run()
CRITICAL - 2024-01-24 08:53:20 --> ErrorException: Illegal string offset 'foto_kes'
in APPPATH\Views\pages\frontend\index.php on line 43.
 1 APPPATH\Views\pages\frontend\index.php(43): CodeIgniter\Debug\Exceptions->errorHandler(2, 'Illegal string offset \'foto_kes\'', 'C:\\xampp\\htdocs\\web_berita\\app\\Views\\pages\\frontend\\index.php', 43, [...])
 2 SYSTEMPATH\View\View.php(228): include('C:\\xampp\\htdocs\\web_berita\\app\\Views\\pages\\frontend\\index.php')
 3 SYSTEMPATH\View\View.php(231): CodeIgniter\View\View->CodeIgniter\View\{closure}()
 4 SYSTEMPATH\Common.php(1178): CodeIgniter\View\View->render('pages/frontend/index', [], true)
 5 APPPATH\Controllers\Home.php(33): view('pages/frontend/index', [...])
 6 SYSTEMPATH\CodeIgniter.php(941): App\Controllers\Home->index()
 7 SYSTEMPATH\CodeIgniter.php(502): CodeIgniter\CodeIgniter->runController(Object(App\Controllers\Home))
 8 SYSTEMPATH\CodeIgniter.php(361): CodeIgniter\CodeIgniter->handleRequest(null, Object(Config\Cache), false)
 9 FCPATH\index.php(79): CodeIgniter\CodeIgniter->run()
CRITICAL - 2024-01-24 08:54:22 --> ErrorException: Illegal string offset 'foto_kes'
in APPPATH\Views\pages\frontend\index.php on line 43.
 1 APPPATH\Views\pages\frontend\index.php(43): CodeIgniter\Debug\Exceptions->errorHandler(2, 'Illegal string offset \'foto_kes\'', 'C:\\xampp\\htdocs\\web_berita\\app\\Views\\pages\\frontend\\index.php', 43, [...])
 2 SYSTEMPATH\View\View.php(228): include('C:\\xampp\\htdocs\\web_berita\\app\\Views\\pages\\frontend\\index.php')
 3 SYSTEMPATH\View\View.php(231): CodeIgniter\View\View->CodeIgniter\View\{closure}()
 4 SYSTEMPATH\Common.php(1178): CodeIgniter\View\View->render('pages/frontend/index', [], true)
 5 APPPATH\Controllers\Home.php(33): view('pages/frontend/index', [...])
 6 SYSTEMPATH\CodeIgniter.php(941): App\Controllers\Home->index()
 7 SYSTEMPATH\CodeIgniter.php(502): CodeIgniter\CodeIgniter->runController(Object(App\Controllers\Home))
 8 SYSTEMPATH\CodeIgniter.php(361): CodeIgniter\CodeIgniter->handleRequest(null, Object(Config\Cache), false)
 9 FCPATH\index.php(79): CodeIgniter\CodeIgniter->run()
CRITICAL - 2024-01-24 08:55:49 --> ErrorException: Illegal string offset 'foto_kes'
in APPPATH\Views\pages\frontend\index.php on line 43.
 1 APPPATH\Views\pages\frontend\index.php(43): CodeIgniter\Debug\Exceptions->errorHandler(2, 'Illegal string offset \'foto_kes\'', 'C:\\xampp\\htdocs\\web_berita\\app\\Views\\pages\\frontend\\index.php', 43, [...])
 2 SYSTEMPATH\View\View.php(228): include('C:\\xampp\\htdocs\\web_berita\\app\\Views\\pages\\frontend\\index.php')
 3 SYSTEMPATH\View\View.php(231): CodeIgniter\View\View->CodeIgniter\View\{closure}()
 4 SYSTEMPATH\Common.php(1178): CodeIgniter\View\View->render('pages/frontend/index', [], true)
 5 APPPATH\Controllers\Home.php(33): view('pages/frontend/index', [...])
 6 SYSTEMPATH\CodeIgniter.php(941): App\Controllers\Home->index()
 7 SYSTEMPATH\CodeIgniter.php(502): CodeIgniter\CodeIgniter->runController(Object(App\Controllers\Home))
 8 SYSTEMPATH\CodeIgniter.php(361): CodeIgniter\CodeIgniter->handleRequest(null, Object(Config\Cache), false)
 9 FCPATH\index.php(79): CodeIgniter\CodeIgniter->run()
CRITICAL - 2024-01-24 08:55:51 --> ErrorException: Illegal string offset 'foto_kes'
in APPPATH\Views\pages\frontend\index.php on line 43.
 1 APPPATH\Views\pages\frontend\index.php(43): CodeIgniter\Debug\Exceptions->errorHandler(2, 'Illegal string offset \'foto_kes\'', 'C:\\xampp\\htdocs\\web_berita\\app\\Views\\pages\\frontend\\index.php', 43, [...])
 2 SYSTEMPATH\View\View.php(228): include('C:\\xampp\\htdocs\\web_berita\\app\\Views\\pages\\frontend\\index.php')
 3 SYSTEMPATH\View\View.php(231): CodeIgniter\View\View->CodeIgniter\View\{closure}()
 4 SYSTEMPATH\Common.php(1178): CodeIgniter\View\View->render('pages/frontend/index', [], true)
 5 APPPATH\Controllers\Home.php(33): view('pages/frontend/index', [...])
 6 SYSTEMPATH\CodeIgniter.php(941): App\Controllers\Home->index()
 7 SYSTEMPATH\CodeIgniter.php(502): CodeIgniter\CodeIgniter->runController(Object(App\Controllers\Home))
 8 SYSTEMPATH\CodeIgniter.php(361): CodeIgniter\CodeIgniter->handleRequest(null, Object(Config\Cache), false)
 9 FCPATH\index.php(79): CodeIgniter\CodeIgniter->run()
CRITICAL - 2024-01-24 08:55:51 --> ErrorException: Illegal string offset 'foto_kes'
in APPPATH\Views\pages\frontend\index.php on line 43.
 1 APPPATH\Views\pages\frontend\index.php(43): CodeIgniter\Debug\Exceptions->errorHandler(2, 'Illegal string offset \'foto_kes\'', 'C:\\xampp\\htdocs\\web_berita\\app\\Views\\pages\\frontend\\index.php', 43, [...])
 2 SYSTEMPATH\View\View.php(228): include('C:\\xampp\\htdocs\\web_berita\\app\\Views\\pages\\frontend\\index.php')
 3 SYSTEMPATH\View\View.php(231): CodeIgniter\View\View->CodeIgniter\View\{closure}()
 4 SYSTEMPATH\Common.php(1178): CodeIgniter\View\View->render('pages/frontend/index', [], true)
 5 APPPATH\Controllers\Home.php(33): view('pages/frontend/index', [...])
 6 SYSTEMPATH\CodeIgniter.php(941): App\Controllers\Home->index()
 7 SYSTEMPATH\CodeIgniter.php(502): CodeIgniter\CodeIgniter->runController(Object(App\Controllers\Home))
 8 SYSTEMPATH\CodeIgniter.php(361): CodeIgniter\CodeIgniter->handleRequest(null, Object(Config\Cache), false)
 9 FCPATH\index.php(79): CodeIgniter\CodeIgniter->run()
CRITICAL - 2024-01-24 08:55:51 --> ErrorException: Illegal string offset 'foto_kes'
in APPPATH\Views\pages\frontend\index.php on line 43.
 1 APPPATH\Views\pages\frontend\index.php(43): CodeIgniter\Debug\Exceptions->errorHandler(2, 'Illegal string offset \'foto_kes\'', 'C:\\xampp\\htdocs\\web_berita\\app\\Views\\pages\\frontend\\index.php', 43, [...])
 2 SYSTEMPATH\View\View.php(228): include('C:\\xampp\\htdocs\\web_berita\\app\\Views\\pages\\frontend\\index.php')
 3 SYSTEMPATH\View\View.php(231): CodeIgniter\View\View->CodeIgniter\View\{closure}()
 4 SYSTEMPATH\Common.php(1178): CodeIgniter\View\View->render('pages/frontend/index', [], true)
 5 APPPATH\Controllers\Home.php(33): view('pages/frontend/index', [...])
 6 SYSTEMPATH\CodeIgniter.php(941): App\Controllers\Home->index()
 7 SYSTEMPATH\CodeIgniter.php(502): CodeIgniter\CodeIgniter->runController(Object(App\Controllers\Home))
 8 SYSTEMPATH\CodeIgniter.php(361): CodeIgniter\CodeIgniter->handleRequest(null, Object(Config\Cache), false)
 9 FCPATH\index.php(79): CodeIgniter\CodeIgniter->run()
CRITICAL - 2024-01-24 08:55:51 --> ErrorException: Illegal string offset 'foto_kes'
in APPPATH\Views\pages\frontend\index.php on line 43.
 1 APPPATH\Views\pages\frontend\index.php(43): CodeIgniter\Debug\Exceptions->errorHandler(2, 'Illegal string offset \'foto_kes\'', 'C:\\xampp\\htdocs\\web_berita\\app\\Views\\pages\\frontend\\index.php', 43, [...])
 2 SYSTEMPATH\View\View.php(228): include('C:\\xampp\\htdocs\\web_berita\\app\\Views\\pages\\frontend\\index.php')
 3 SYSTEMPATH\View\View.php(231): CodeIgniter\View\View->CodeIgniter\View\{closure}()
 4 SYSTEMPATH\Common.php(1178): CodeIgniter\View\View->render('pages/frontend/index', [], true)
 5 APPPATH\Controllers\Home.php(33): view('pages/frontend/index', [...])
 6 SYSTEMPATH\CodeIgniter.php(941): App\Controllers\Home->index()
 7 SYSTEMPATH\CodeIgniter.php(502): CodeIgniter\CodeIgniter->runController(Object(App\Controllers\Home))
 8 SYSTEMPATH\CodeIgniter.php(361): CodeIgniter\CodeIgniter->handleRequest(null, Object(Config\Cache), false)
 9 FCPATH\index.php(79): CodeIgniter\CodeIgniter->run()
CRITICAL - 2024-01-24 08:55:51 --> ErrorException: Illegal string offset 'foto_kes'
in APPPATH\Views\pages\frontend\index.php on line 43.
 1 APPPATH\Views\pages\frontend\index.php(43): CodeIgniter\Debug\Exceptions->errorHandler(2, 'Illegal string offset \'foto_kes\'', 'C:\\xampp\\htdocs\\web_berita\\app\\Views\\pages\\frontend\\index.php', 43, [...])
 2 SYSTEMPATH\View\View.php(228): include('C:\\xampp\\htdocs\\web_berita\\app\\Views\\pages\\frontend\\index.php')
 3 SYSTEMPATH\View\View.php(231): CodeIgniter\View\View->CodeIgniter\View\{closure}()
 4 SYSTEMPATH\Common.php(1178): CodeIgniter\View\View->render('pages/frontend/index', [], true)
 5 APPPATH\Controllers\Home.php(33): view('pages/frontend/index', [...])
 6 SYSTEMPATH\CodeIgniter.php(941): App\Controllers\Home->index()
 7 SYSTEMPATH\CodeIgniter.php(502): CodeIgniter\CodeIgniter->runController(Object(App\Controllers\Home))
 8 SYSTEMPATH\CodeIgniter.php(361): CodeIgniter\CodeIgniter->handleRequest(null, Object(Config\Cache), false)
 9 FCPATH\index.php(79): CodeIgniter\CodeIgniter->run()
CRITICAL - 2024-01-24 08:55:51 --> ErrorException: Illegal string offset 'foto_kes'
in APPPATH\Views\pages\frontend\index.php on line 43.
 1 APPPATH\Views\pages\frontend\index.php(43): CodeIgniter\Debug\Exceptions->errorHandler(2, 'Illegal string offset \'foto_kes\'', 'C:\\xampp\\htdocs\\web_berita\\app\\Views\\pages\\frontend\\index.php', 43, [...])
 2 SYSTEMPATH\View\View.php(228): include('C:\\xampp\\htdocs\\web_berita\\app\\Views\\pages\\frontend\\index.php')
 3 SYSTEMPATH\View\View.php(231): CodeIgniter\View\View->CodeIgniter\View\{closure}()
 4 SYSTEMPATH\Common.php(1178): CodeIgniter\View\View->render('pages/frontend/index', [], true)
 5 APPPATH\Controllers\Home.php(33): view('pages/frontend/index', [...])
 6 SYSTEMPATH\CodeIgniter.php(941): App\Controllers\Home->index()
 7 SYSTEMPATH\CodeIgniter.php(502): CodeIgniter\CodeIgniter->runController(Object(App\Controllers\Home))
 8 SYSTEMPATH\CodeIgniter.php(361): CodeIgniter\CodeIgniter->handleRequest(null, Object(Config\Cache), false)
 9 FCPATH\index.php(79): CodeIgniter\CodeIgniter->run()
CRITICAL - 2024-01-24 08:55:52 --> ErrorException: Illegal string offset 'foto_kes'
in APPPATH\Views\pages\frontend\index.php on line 43.
 1 APPPATH\Views\pages\frontend\index.php(43): CodeIgniter\Debug\Exceptions->errorHandler(2, 'Illegal string offset \'foto_kes\'', 'C:\\xampp\\htdocs\\web_berita\\app\\Views\\pages\\frontend\\index.php', 43, [...])
 2 SYSTEMPATH\View\View.php(228): include('C:\\xampp\\htdocs\\web_berita\\app\\Views\\pages\\frontend\\index.php')
 3 SYSTEMPATH\View\View.php(231): CodeIgniter\View\View->CodeIgniter\View\{closure}()
 4 SYSTEMPATH\Common.php(1178): CodeIgniter\View\View->render('pages/frontend/index', [], true)
 5 APPPATH\Controllers\Home.php(33): view('pages/frontend/index', [...])
 6 SYSTEMPATH\CodeIgniter.php(941): App\Controllers\Home->index()
 7 SYSTEMPATH\CodeIgniter.php(502): CodeIgniter\CodeIgniter->runController(Object(App\Controllers\Home))
 8 SYSTEMPATH\CodeIgniter.php(361): CodeIgniter\CodeIgniter->handleRequest(null, Object(Config\Cache), false)
 9 FCPATH\index.php(79): CodeIgniter\CodeIgniter->run()
CRITICAL - 2024-01-24 08:55:52 --> ErrorException: Illegal string offset 'foto_kes'
in APPPATH\Views\pages\frontend\index.php on line 43.
 1 APPPATH\Views\pages\frontend\index.php(43): CodeIgniter\Debug\Exceptions->errorHandler(2, 'Illegal string offset \'foto_kes\'', 'C:\\xampp\\htdocs\\web_berita\\app\\Views\\pages\\frontend\\index.php', 43, [...])
 2 SYSTEMPATH\View\View.php(228): include('C:\\xampp\\htdocs\\web_berita\\app\\Views\\pages\\frontend\\index.php')
 3 SYSTEMPATH\View\View.php(231): CodeIgniter\View\View->CodeIgniter\View\{closure}()
 4 SYSTEMPATH\Common.php(1178): CodeIgniter\View\View->render('pages/frontend/index', [], true)
 5 APPPATH\Controllers\Home.php(33): view('pages/frontend/index', [...])
 6 SYSTEMPATH\CodeIgniter.php(941): App\Controllers\Home->index()
 7 SYSTEMPATH\CodeIgniter.php(502): CodeIgniter\CodeIgniter->runController(Object(App\Controllers\Home))
 8 SYSTEMPATH\CodeIgniter.php(361): CodeIgniter\CodeIgniter->handleRequest(null, Object(Config\Cache), false)
 9 FCPATH\index.php(79): CodeIgniter\CodeIgniter->run()
CRITICAL - 2024-01-24 08:55:52 --> ErrorException: Illegal string offset 'foto_kes'
in APPPATH\Views\pages\frontend\index.php on line 43.
 1 APPPATH\Views\pages\frontend\index.php(43): CodeIgniter\Debug\Exceptions->errorHandler(2, 'Illegal string offset \'foto_kes\'', 'C:\\xampp\\htdocs\\web_berita\\app\\Views\\pages\\frontend\\index.php', 43, [...])
 2 SYSTEMPATH\View\View.php(228): include('C:\\xampp\\htdocs\\web_berita\\app\\Views\\pages\\frontend\\index.php')
 3 SYSTEMPATH\View\View.php(231): CodeIgniter\View\View->CodeIgniter\View\{closure}()
 4 SYSTEMPATH\Common.php(1178): CodeIgniter\View\View->render('pages/frontend/index', [], true)
 5 APPPATH\Controllers\Home.php(33): view('pages/frontend/index', [...])
 6 SYSTEMPATH\CodeIgniter.php(941): App\Controllers\Home->index()
 7 SYSTEMPATH\CodeIgniter.php(502): CodeIgniter\CodeIgniter->runController(Object(App\Controllers\Home))
 8 SYSTEMPATH\CodeIgniter.php(361): CodeIgniter\CodeIgniter->handleRequest(null, Object(Config\Cache), false)
 9 FCPATH\index.php(79): CodeIgniter\CodeIgniter->run()
CRITICAL - 2024-01-24 08:55:52 --> ErrorException: Illegal string offset 'foto_kes'
in APPPATH\Views\pages\frontend\index.php on line 43.
 1 APPPATH\Views\pages\frontend\index.php(43): CodeIgniter\Debug\Exceptions->errorHandler(2, 'Illegal string offset \'foto_kes\'', 'C:\\xampp\\htdocs\\web_berita\\app\\Views\\pages\\frontend\\index.php', 43, [...])
 2 SYSTEMPATH\View\View.php(228): include('C:\\xampp\\htdocs\\web_berita\\app\\Views\\pages\\frontend\\index.php')
 3 SYSTEMPATH\View\View.php(231): CodeIgniter\View\View->CodeIgniter\View\{closure}()
 4 SYSTEMPATH\Common.php(1178): CodeIgniter\View\View->render('pages/frontend/index', [], true)
 5 APPPATH\Controllers\Home.php(33): view('pages/frontend/index', [...])
 6 SYSTEMPATH\CodeIgniter.php(941): App\Controllers\Home->index()
 7 SYSTEMPATH\CodeIgniter.php(502): CodeIgniter\CodeIgniter->runController(Object(App\Controllers\Home))
 8 SYSTEMPATH\CodeIgniter.php(361): CodeIgniter\CodeIgniter->handleRequest(null, Object(Config\Cache), false)
 9 FCPATH\index.php(79): CodeIgniter\CodeIgniter->run()
INFO - 2024-01-24 08:58:17 --> Session: Class initialized using 'CodeIgniter\Session\Handlers\FileHandler' driver.
INFO - 2024-01-24 08:58:18 --> Session: Class initialized using 'CodeIgniter\Session\Handlers\FileHandler' driver.
CRITICAL - 2024-01-24 08:58:39 --> ErrorException: Illegal string offset 'foto_kes'
in APPPATH\Views\pages\frontend\index.php on line 43.
 1 APPPATH\Views\pages\frontend\index.php(43): CodeIgniter\Debug\Exceptions->errorHandler(2, 'Illegal string offset \'foto_kes\'', 'C:\\xampp\\htdocs\\web_berita\\app\\Views\\pages\\frontend\\index.php', 43, [...])
 2 SYSTEMPATH\View\View.php(228): include('C:\\xampp\\htdocs\\web_berita\\app\\Views\\pages\\frontend\\index.php')
 3 SYSTEMPATH\View\View.php(231): CodeIgniter\View\View->CodeIgniter\View\{closure}()
 4 SYSTEMPATH\Common.php(1178): CodeIgniter\View\View->render('pages/frontend/index', [], true)
 5 APPPATH\Controllers\Home.php(33): view('pages/frontend/index', [...])
 6 SYSTEMPATH\CodeIgniter.php(941): App\Controllers\Home->index()
 7 SYSTEMPATH\CodeIgniter.php(502): CodeIgniter\CodeIgniter->runController(Object(App\Controllers\Home))
 8 SYSTEMPATH\CodeIgniter.php(361): CodeIgniter\CodeIgniter->handleRequest(null, Object(Config\Cache), false)
 9 FCPATH\index.php(79): CodeIgniter\CodeIgniter->run()
CRITICAL - 2024-01-24 08:58:40 --> ErrorException: Illegal string offset 'foto_kes'
in APPPATH\Views\pages\frontend\index.php on line 43.
 1 APPPATH\Views\pages\frontend\index.php(43): CodeIgniter\Debug\Exceptions->errorHandler(2, 'Illegal string offset \'foto_kes\'', 'C:\\xampp\\htdocs\\web_berita\\app\\Views\\pages\\frontend\\index.php', 43, [...])
 2 SYSTEMPATH\View\View.php(228): include('C:\\xampp\\htdocs\\web_berita\\app\\Views\\pages\\frontend\\index.php')
 3 SYSTEMPATH\View\View.php(231): CodeIgniter\View\View->CodeIgniter\View\{closure}()
 4 SYSTEMPATH\Common.php(1178): CodeIgniter\View\View->render('pages/frontend/index', [], true)
 5 APPPATH\Controllers\Home.php(33): view('pages/frontend/index', [...])
 6 SYSTEMPATH\CodeIgniter.php(941): App\Controllers\Home->index()
 7 SYSTEMPATH\CodeIgniter.php(502): CodeIgniter\CodeIgniter->runController(Object(App\Controllers\Home))
 8 SYSTEMPATH\CodeIgniter.php(361): CodeIgniter\CodeIgniter->handleRequest(null, Object(Config\Cache), false)
 9 FCPATH\index.php(79): CodeIgniter\CodeIgniter->run()
CRITICAL - 2024-01-24 08:58:41 --> ErrorException: Illegal string offset 'foto_kes'
in APPPATH\Views\pages\frontend\index.php on line 43.
 1 APPPATH\Views\pages\frontend\index.php(43): CodeIgniter\Debug\Exceptions->errorHandler(2, 'Illegal string offset \'foto_kes\'', 'C:\\xampp\\htdocs\\web_berita\\app\\Views\\pages\\frontend\\index.php', 43, [...])
 2 SYSTEMPATH\View\View.php(228): include('C:\\xampp\\htdocs\\web_berita\\app\\Views\\pages\\frontend\\index.php')
 3 SYSTEMPATH\View\View.php(231): CodeIgniter\View\View->CodeIgniter\View\{closure}()
 4 SYSTEMPATH\Common.php(1178): CodeIgniter\View\View->render('pages/frontend/index', [], true)
 5 APPPATH\Controllers\Home.php(33): view('pages/frontend/index', [...])
 6 SYSTEMPATH\CodeIgniter.php(941): App\Controllers\Home->index()
 7 SYSTEMPATH\CodeIgniter.php(502): CodeIgniter\CodeIgniter->runController(Object(App\Controllers\Home))
 8 SYSTEMPATH\CodeIgniter.php(361): CodeIgniter\CodeIgniter->handleRequest(null, Object(Config\Cache), false)
 9 FCPATH\index.php(79): CodeIgniter\CodeIgniter->run()
CRITICAL - 2024-01-24 08:58:41 --> ErrorException: Illegal string offset 'foto_kes'
in APPPATH\Views\pages\frontend\index.php on line 43.
 1 APPPATH\Views\pages\frontend\index.php(43): CodeIgniter\Debug\Exceptions->errorHandler(2, 'Illegal string offset \'foto_kes\'', 'C:\\xampp\\htdocs\\web_berita\\app\\Views\\pages\\frontend\\index.php', 43, [...])
 2 SYSTEMPATH\View\View.php(228): include('C:\\xampp\\htdocs\\web_berita\\app\\Views\\pages\\frontend\\index.php')
 3 SYSTEMPATH\View\View.php(231): CodeIgniter\View\View->CodeIgniter\View\{closure}()
 4 SYSTEMPATH\Common.php(1178): CodeIgniter\View\View->render('pages/frontend/index', [], true)
 5 APPPATH\Controllers\Home.php(33): view('pages/frontend/index', [...])
 6 SYSTEMPATH\CodeIgniter.php(941): App\Controllers\Home->index()
 7 SYSTEMPATH\CodeIgniter.php(502): CodeIgniter\CodeIgniter->runController(Object(App\Controllers\Home))
 8 SYSTEMPATH\CodeIgniter.php(361): CodeIgniter\CodeIgniter->handleRequest(null, Object(Config\Cache), false)
 9 FCPATH\index.php(79): CodeIgniter\CodeIgniter->run()
CRITICAL - 2024-01-24 08:58:41 --> ErrorException: Illegal string offset 'foto_kes'
in APPPATH\Views\pages\frontend\index.php on line 43.
 1 APPPATH\Views\pages\frontend\index.php(43): CodeIgniter\Debug\Exceptions->errorHandler(2, 'Illegal string offset \'foto_kes\'', 'C:\\xampp\\htdocs\\web_berita\\app\\Views\\pages\\frontend\\index.php', 43, [...])
 2 SYSTEMPATH\View\View.php(228): include('C:\\xampp\\htdocs\\web_berita\\app\\Views\\pages\\frontend\\index.php')
 3 SYSTEMPATH\View\View.php(231): CodeIgniter\View\View->CodeIgniter\View\{closure}()
 4 SYSTEMPATH\Common.php(1178): CodeIgniter\View\View->render('pages/frontend/index', [], true)
 5 APPPATH\Controllers\Home.php(33): view('pages/frontend/index', [...])
 6 SYSTEMPATH\CodeIgniter.php(941): App\Controllers\Home->index()
 7 SYSTEMPATH\CodeIgniter.php(502): CodeIgniter\CodeIgniter->runController(Object(App\Controllers\Home))
 8 SYSTEMPATH\CodeIgniter.php(361): CodeIgniter\CodeIgniter->handleRequest(null, Object(Config\Cache), false)
 9 FCPATH\index.php(79): CodeIgniter\CodeIgniter->run()
CRITICAL - 2024-01-24 09:04:11 --> ErrorException: Illegal string offset 'foto_kes'
in APPPATH\Views\pages\frontend\index.php on line 43.
 1 APPPATH\Views\pages\frontend\index.php(43): CodeIgniter\Debug\Exceptions->errorHandler(2, 'Illegal string offset \'foto_kes\'', 'C:\\xampp\\htdocs\\web_berita\\app\\Views\\pages\\frontend\\index.php', 43, [...])
 2 SYSTEMPATH\View\View.php(228): include('C:\\xampp\\htdocs\\web_berita\\app\\Views\\pages\\frontend\\index.php')
 3 SYSTEMPATH\View\View.php(231): CodeIgniter\View\View->CodeIgniter\View\{closure}()
 4 SYSTEMPATH\Common.php(1178): CodeIgniter\View\View->render('pages/frontend/index', [], true)
 5 APPPATH\Controllers\Home.php(33): view('pages/frontend/index', [...])
 6 SYSTEMPATH\CodeIgniter.php(941): App\Controllers\Home->index()
 7 SYSTEMPATH\CodeIgniter.php(502): CodeIgniter\CodeIgniter->runController(Object(App\Controllers\Home))
 8 SYSTEMPATH\CodeIgniter.php(361): CodeIgniter\CodeIgniter->handleRequest(null, Object(Config\Cache), false)
 9 FCPATH\index.php(79): CodeIgniter\CodeIgniter->run()
CRITICAL - 2024-01-24 09:05:10 --> ErrorException: Illegal string offset 'foto_lalin'
in APPPATH\Views\pages\frontend\index.php on line 43.
 1 APPPATH\Views\pages\frontend\index.php(43): CodeIgniter\Debug\Exceptions->errorHandler(2, 'Illegal string offset \'foto_lalin\'', 'C:\\xampp\\htdocs\\web_berita\\app\\Views\\pages\\frontend\\index.php', 43, [...])
 2 SYSTEMPATH\View\View.php(228): include('C:\\xampp\\htdocs\\web_berita\\app\\Views\\pages\\frontend\\index.php')
 3 SYSTEMPATH\View\View.php(231): CodeIgniter\View\View->CodeIgniter\View\{closure}()
 4 SYSTEMPATH\Common.php(1178): CodeIgniter\View\View->render('pages/frontend/index', [], true)
 5 APPPATH\Controllers\Home.php(33): view('pages/frontend/index', [...])
 6 SYSTEMPATH\CodeIgniter.php(941): App\Controllers\Home->index()
 7 SYSTEMPATH\CodeIgniter.php(502): CodeIgniter\CodeIgniter->runController(Object(App\Controllers\Home))
 8 SYSTEMPATH\CodeIgniter.php(361): CodeIgniter\CodeIgniter->handleRequest(null, Object(Config\Cache), false)
 9 FCPATH\index.php(79): CodeIgniter\CodeIgniter->run()
CRITICAL - 2024-01-24 09:05:12 --> ErrorException: Illegal string offset 'foto_lalin'
in APPPATH\Views\pages\frontend\index.php on line 43.
 1 APPPATH\Views\pages\frontend\index.php(43): CodeIgniter\Debug\Exceptions->errorHandler(2, 'Illegal string offset \'foto_lalin\'', 'C:\\xampp\\htdocs\\web_berita\\app\\Views\\pages\\frontend\\index.php', 43, [...])
 2 SYSTEMPATH\View\View.php(228): include('C:\\xampp\\htdocs\\web_berita\\app\\Views\\pages\\frontend\\index.php')
 3 SYSTEMPATH\View\View.php(231): CodeIgniter\View\View->CodeIgniter\View\{closure}()
 4 SYSTEMPATH\Common.php(1178): CodeIgniter\View\View->render('pages/frontend/index', [], true)
 5 APPPATH\Controllers\Home.php(33): view('pages/frontend/index', [...])
 6 SYSTEMPATH\CodeIgniter.php(941): App\Controllers\Home->index()
 7 SYSTEMPATH\CodeIgniter.php(502): CodeIgniter\CodeIgniter->runController(Object(App\Controllers\Home))
 8 SYSTEMPATH\CodeIgniter.php(361): CodeIgniter\CodeIgniter->handleRequest(null, Object(Config\Cache), false)
 9 FCPATH\index.php(79): CodeIgniter\CodeIgniter->run()
CRITICAL - 2024-01-24 09:22:16 --> CodeIgniter\View\Exceptions\ViewException: Invalid file: "pages/frontend/lalulintas/detail_lalin.php"
in SYSTEMPATH\Exceptions\FrameworkException.php on line 39.
 1 SYSTEMPATH\View\View.php(216): CodeIgniter\Exceptions\FrameworkException::forInvalidFile('pages/frontend/lalulintas/detail_lalin.php')
 2 SYSTEMPATH\Common.php(1178): CodeIgniter\View\View->render('pages/frontend/lalulintas/detail_lalin', [], true)
 3 APPPATH\Controllers\lalin.php(48): view('pages/frontend/lalulintas/detail_lalin', [...])
 4 SYSTEMPATH\CodeIgniter.php(941): App\Controllers\lalin->detail('4')
 5 SYSTEMPATH\CodeIgniter.php(502): CodeIgniter\CodeIgniter->runController(Object(App\Controllers\lalin))
 6 SYSTEMPATH\CodeIgniter.php(361): CodeIgniter\CodeIgniter->handleRequest(null, Object(Config\Cache), false)
 7 FCPATH\index.php(79): CodeIgniter\CodeIgniter->run()
INFO - 2024-01-24 09:27:17 --> Session: Class initialized using 'CodeIgniter\Session\Handlers\FileHandler' driver.
INFO - 2024-01-24 09:27:17 --> Session: Class initialized using 'CodeIgniter\Session\Handlers\FileHandler' driver.
CRITICAL - 2024-01-24 09:30:13 --> ErrorException: Trying to access array offset on value of type null
in APPPATH\Views\pages\backend\kesehatan\edit.php on line 11.
 1 APPPATH\Views\pages\backend\kesehatan\edit.php(11): CodeIgniter\Debug\Exceptions->errorHandler(8, 'Trying to access array offset on value of type null', 'C:\\xampp\\htdocs\\web_berita\\app\\Views\\pages\\backend\\kesehatan\\edit.php', 11, [...])
 2 SYSTEMPATH\View\View.php(228): include('C:\\xampp\\htdocs\\web_berita\\app\\Views\\pages\\backend\\kesehatan\\edit.php')
 3 SYSTEMPATH\View\View.php(231): CodeIgniter\View\View->CodeIgniter\View\{closure}()
 4 SYSTEMPATH\Common.php(1178): CodeIgniter\View\View->render('pages/backend/kesehatan/edit', [], true)
 5 APPPATH\Controllers\admin\kesehatan.php(110): view('pages/backend/kesehatan/edit', [...])
 6 SYSTEMPATH\CodeIgniter.php(941): App\Controllers\admin\kesehatan->edit('logo.png')
 7 SYSTEMPATH\CodeIgniter.php(502): CodeIgniter\CodeIgniter->runController(Object(App\Controllers\admin\kesehatan))
 8 SYSTEMPATH\CodeIgniter.php(361): CodeIgniter\CodeIgniter->handleRequest(null, Object(Config\Cache), false)
 9 FCPATH\index.php(79): CodeIgniter\CodeIgniter->run()
INFO - 2024-01-24 09:44:04 --> Session: Class initialized using 'CodeIgniter\Session\Handlers\FileHandler' driver.
INFO - 2024-01-24 09:44:52 --> Session: Class initialized using 'CodeIgniter\Session\Handlers\FileHandler' driver.
CRITICAL - 2024-01-24 09:47:24 --> ErrorException: Undefined index: auth
in SYSTEMPATH\Filters\Filters.php on line 555.
 1 SYSTEMPATH\Filters\Filters.php(555): CodeIgniter\Debug\Exceptions->errorHandler(8, 'Undefined index: auth', 'C:\\xampp\\htdocs\\web_berita\\system\\Filters\\Filters.php', 555, [...])
 2 SYSTEMPATH\Filters\Filters.php(516): CodeIgniter\Filters\Filters->registerArguments('auth', [])
 3 SYSTEMPATH\Filters\Filters.php(250): CodeIgniter\Filters\Filters->processFilters('admin')
 4 SYSTEMPATH\Filters\Filters.php(172): CodeIgniter\Filters\Filters->initialize('admin')
 5 SYSTEMPATH\CodeIgniter.php(474): CodeIgniter\Filters\Filters->run('admin', 'before')
 6 SYSTEMPATH\CodeIgniter.php(361): CodeIgniter\CodeIgniter->handleRequest(null, Object(Config\Cache), false)
 7 FCPATH\index.php(79): CodeIgniter\CodeIgniter->run()
INFO - 2024-01-24 09:50:38 --> Session: Class initialized using 'CodeIgniter\Session\Handlers\FileHandler' driver.
INFO - 2024-01-24 09:50:39 --> Session: Class initialized using 'CodeIgniter\Session\Handlers\FileHandler' driver.
INFO - 2024-01-24 09:50:45 --> Session: Class initialized using 'CodeIgniter\Session\Handlers\FileHandler' driver.
INFO - 2024-01-24 09:50:46 --> Session: Class initialized using 'CodeIgniter\Session\Handlers\FileHandler' driver.
INFO - 2024-01-24 09:50:54 --> Session: Class initialized using 'CodeIgniter\Session\Handlers\FileHandler' driver.
INFO - 2024-01-24 09:50:56 --> Session: Class initialized using 'CodeIgniter\Session\Handlers\FileHandler' driver.
INFO - 2024-01-24 09:55:43 --> Session: Class initialized using 'CodeIgniter\Session\Handlers\FileHandler' driver.
INFO - 2024-01-24 09:55:45 --> Session: Class initialized using 'CodeIgniter\Session\Handlers\FileHandler' driver.
INFO - 2024-01-24 09:55:47 --> Session: Class initialized using 'CodeIgniter\Session\Handlers\FileHandler' driver.
INFO - 2024-01-24 09:55:48 --> Session: Class initialized using 'CodeIgniter\Session\Handlers\FileHandler' driver.
INFO - 2024-01-24 09:55:48 --> Session: Class initialized using 'CodeIgniter\Session\Handlers\FileHandler' driver.
INFO - 2024-01-24 09:56:43 --> Session: Class initialized using 'CodeIgniter\Session\Handlers\FileHandler' driver.
INFO - 2024-01-24 09:56:43 --> Session: Class initialized using 'CodeIgniter\Session\Handlers\FileHandler' driver.
INFO - 2024-01-24 09:56:44 --> Session: Class initialized using 'CodeIgniter\Session\Handlers\FileHandler' driver.
INFO - 2024-01-24 09:57:15 --> Session: Class initialized using 'CodeIgniter\Session\Handlers\FileHandler' driver.
INFO - 2024-01-24 09:57:15 --> Session: Class initialized using 'CodeIgniter\Session\Handlers\FileHandler' driver.
INFO - 2024-01-24 09:57:15 --> Session: Class initialized using 'CodeIgniter\Session\Handlers\FileHandler' driver.
INFO - 2024-01-24 09:57:28 --> Session: Class initialized using 'CodeIgniter\Session\Handlers\FileHandler' driver.
INFO - 2024-01-24 09:57:28 --> Session: Class initialized using 'CodeIgniter\Session\Handlers\FileHandler' driver.
INFO - 2024-01-24 09:57:29 --> Session: Class initialized using 'CodeIgniter\Session\Handlers\FileHandler' driver.
INFO - 2024-01-24 09:58:05 --> Session: Class initialized using 'CodeIgniter\Session\Handlers\FileHandler' driver.
INFO - 2024-01-24 09:58:06 --> Session: Class initialized using 'CodeIgniter\Session\Handlers\FileHandler' driver.
INFO - 2024-01-24 09:58:15 --> Session: Class initialized using 'CodeIgniter\Session\Handlers\FileHandler' driver.
INFO - 2024-01-24 09:58:15 --> Session: Class initialized using 'CodeIgniter\Session\Handlers\FileHandler' driver.
INFO - 2024-01-24 09:58:21 --> Session: Class initialized using 'CodeIgniter\Session\Handlers\FileHandler' driver.
INFO - 2024-01-24 09:58:22 --> Session: Class initialized using 'CodeIgniter\Session\Handlers\FileHandler' driver.
INFO - 2024-01-24 09:58:24 --> Session: Class initialized using 'CodeIgniter\Session\Handlers\FileHandler' driver.
INFO - 2024-01-24 09:58:27 --> Session: Class initialized using 'CodeIgniter\Session\Handlers\FileHandler' driver.
CRITICAL - 2024-01-24 09:58:27 --> ErrorException: unlink(../public/img/user/5.jpeg): No such file or directory
in APPPATH\Controllers\admin\user.php on line 149.
 1 [internal function]: CodeIgniter\Debug\Exceptions->errorHandler(2, 'unlink(../public/img/user/5.jpeg): No such file or directory', 'C:\\xampp\\htdocs\\web_berita\\app\\Controllers\\admin\\user.php', 149, [...])
 2 APPPATH\Controllers\admin\user.php(149): unlink('../public/img/user/5.jpeg')
 3 SYSTEMPATH\CodeIgniter.php(941): App\Controllers\admin\User->delete('6')
 4 SYSTEMPATH\CodeIgniter.php(502): CodeIgniter\CodeIgniter->runController(Object(App\Controllers\admin\User))
 5 SYSTEMPATH\CodeIgniter.php(361): CodeIgniter\CodeIgniter->handleRequest(null, Object(Config\Cache), false)
 6 FCPATH\index.php(79): CodeIgniter\CodeIgniter->run()
INFO - 2024-01-24 09:58:48 --> Session: Class initialized using 'CodeIgniter\Session\Handlers\FileHandler' driver.
INFO - 2024-01-24 09:58:50 --> Session: Class initialized using 'CodeIgniter\Session\Handlers\FileHandler' driver.
INFO - 2024-01-24 09:58:59 --> Session: Class initialized using 'CodeIgniter\Session\Handlers\FileHandler' driver.
INFO - 2024-01-24 09:58:59 --> Session: Class initialized using 'CodeIgniter\Session\Handlers\FileHandler' driver.
INFO - 2024-01-24 09:58:59 --> Session: Class initialized using 'CodeIgniter\Session\Handlers\FileHandler' driver.
INFO - 2024-01-24 09:59:16 --> Session: Class initialized using 'CodeIgniter\Session\Handlers\FileHandler' driver.
INFO - 2024-01-24 09:59:16 --> Session: Class initialized using 'CodeIgniter\Session\Handlers\FileHandler' driver.
INFO - 2024-01-24 09:59:20 --> Session: Class initialized using 'CodeIgniter\Session\Handlers\FileHandler' driver.
INFO - 2024-01-24 09:59:20 --> Session: Class initialized using 'CodeIgniter\Session\Handlers\FileHandler' driver.
INFO - 2024-01-24 09:59:52 --> Session: Class initialized using 'CodeIgniter\Session\Handlers\FileHandler' driver.
INFO - 2024-01-24 10:02:01 --> Session: Class initialized using 'CodeIgniter\Session\Handlers\FileHandler' driver.
INFO - 2024-01-24 10:02:02 --> Session: Class initialized using 'CodeIgniter\Session\Handlers\FileHandler' driver.
INFO - 2024-01-24 10:02:03 --> Session: Class initialized using 'CodeIgniter\Session\Handlers\FileHandler' driver.
CRITICAL - 2024-01-24 10:02:03 --> ErrorException: Trying to access array offset on value of type null
in APPPATH\Views\pages\auth\edit.php on line 10.
 1 APPPATH\Views\pages\auth\edit.php(10): CodeIgniter\Debug\Exceptions->errorHandler(8, 'Trying to access array offset on value of type null', 'C:\\xampp\\htdocs\\web_berita\\app\\Views\\pages\\auth\\edit.php', 10, [...])
 2 SYSTEMPATH\View\View.php(228): include('C:\\xampp\\htdocs\\web_berita\\app\\Views\\pages\\auth\\edit.php')
 3 SYSTEMPATH\View\View.php(231): CodeIgniter\View\View->CodeIgniter\View\{closure}()
 4 SYSTEMPATH\Common.php(1178): CodeIgniter\View\View->render('pages/auth/edit', [], true)
 5 APPPATH\Controllers\admin\user.php(91): view('pages/auth/edit', [...])
 6 SYSTEMPATH\CodeIgniter.php(941): App\Controllers\admin\User->edit('logo.png')
 7 SYSTEMPATH\CodeIgniter.php(502): CodeIgniter\CodeIgniter->runController(Object(App\Controllers\admin\User))
 8 SYSTEMPATH\CodeIgniter.php(361): CodeIgniter\CodeIgniter->handleRequest(null, Object(Config\Cache), false)
 9 FCPATH\index.php(79): CodeIgniter\CodeIgniter->run()
INFO - 2024-01-24 10:02:17 --> Session: Class initialized using 'CodeIgniter\Session\Handlers\FileHandler' driver.
INFO - 2024-01-24 10:02:31 --> Session: Class initialized using 'CodeIgniter\Session\Handlers\FileHandler' driver.
INFO - 2024-01-24 10:02:33 --> Session: Class initialized using 'CodeIgniter\Session\Handlers\FileHandler' driver.
INFO - 2024-01-24 10:02:34 --> Session: Class initialized using 'CodeIgniter\Session\Handlers\FileHandler' driver.
CRITICAL - 2024-01-24 10:02:34 --> ErrorException: Trying to access array offset on value of type null
in APPPATH\Views\pages\auth\edit.php on line 10.
 1 APPPATH\Views\pages\auth\edit.php(10): CodeIgniter\Debug\Exceptions->errorHandler(8, 'Trying to access array offset on value of type null', 'C:\\xampp\\htdocs\\web_berita\\app\\Views\\pages\\auth\\edit.php', 10, [...])
 2 SYSTEMPATH\View\View.php(228): include('C:\\xampp\\htdocs\\web_berita\\app\\Views\\pages\\auth\\edit.php')
 3 SYSTEMPATH\View\View.php(231): CodeIgniter\View\View->CodeIgniter\View\{closure}()
 4 SYSTEMPATH\Common.php(1178): CodeIgniter\View\View->render('pages/auth/edit', [], true)
 5 APPPATH\Controllers\admin\user.php(91): view('pages/auth/edit', [...])
 6 SYSTEMPATH\CodeIgniter.php(941): App\Controllers\admin\User->edit('logo.png')
 7 SYSTEMPATH\CodeIgniter.php(502): CodeIgniter\CodeIgniter->runController(Object(App\Controllers\admin\User))
 8 SYSTEMPATH\CodeIgniter.php(361): CodeIgniter\CodeIgniter->handleRequest(null, Object(Config\Cache), false)
 9 FCPATH\index.php(79): CodeIgniter\CodeIgniter->run()
INFO - 2024-01-24 10:02:47 --> Session: Class initialized using 'CodeIgniter\Session\Handlers\FileHandler' driver.
INFO - 2024-01-24 10:02:47 --> Session: Class initialized using 'CodeIgniter\Session\Handlers\FileHandler' driver.
CRITICAL - 2024-01-24 10:02:47 --> ErrorException: Trying to access array offset on value of type null
in APPPATH\Views\pages\auth\edit.php on line 10.
 1 APPPATH\Views\pages\auth\edit.php(10): CodeIgniter\Debug\Exceptions->errorHandler(8, 'Trying to access array offset on value of type null', 'C:\\xampp\\htdocs\\web_berita\\app\\Views\\pages\\auth\\edit.php', 10, [...])
 2 SYSTEMPATH\View\View.php(228): include('C:\\xampp\\htdocs\\web_berita\\app\\Views\\pages\\auth\\edit.php')
 3 SYSTEMPATH\View\View.php(231): CodeIgniter\View\View->CodeIgniter\View\{closure}()
 4 SYSTEMPATH\Common.php(1178): CodeIgniter\View\View->render('pages/auth/edit', [], true)
 5 APPPATH\Controllers\admin\user.php(91): view('pages/auth/edit', [...])
 6 SYSTEMPATH\CodeIgniter.php(941): App\Controllers\admin\User->edit('logo.png')
 7 SYSTEMPATH\CodeIgniter.php(502): CodeIgniter\CodeIgniter->runController(Object(App\Controllers\admin\User))
 8 SYSTEMPATH\CodeIgniter.php(361): CodeIgniter\CodeIgniter->handleRequest(null, Object(Config\Cache), false)
 9 FCPATH\index.php(79): CodeIgniter\CodeIgniter->run()
INFO - 2024-01-24 10:02:59 --> Session: Class initialized using 'CodeIgniter\Session\Handlers\FileHandler' driver.
INFO - 2024-01-24 10:03:12 --> Session: Class initialized using 'CodeIgniter\Session\Handlers\FileHandler' driver.
INFO - 2024-01-24 10:03:13 --> Session: Class initialized using 'CodeIgniter\Session\Handlers\FileHandler' driver.
INFO - 2024-01-24 10:22:11 --> Session: Class initialized using 'CodeIgniter\Session\Handlers\FileHandler' driver.
INFO - 2024-01-24 10:22:12 --> Session: Class initialized using 'CodeIgniter\Session\Handlers\FileHandler' driver.
INFO - 2024-01-24 10:22:15 --> Session: Class initialized using 'CodeIgniter\Session\Handlers\FileHandler' driver.
INFO - 2024-01-24 10:22:15 --> Session: Class initialized using 'CodeIgniter\Session\Handlers\FileHandler' driver.
CRITICAL - 2024-01-24 10:22:15 --> ErrorException: Trying to access array offset on value of type null
in APPPATH\Views\pages\auth\edit.php on line 10.
 1 APPPATH\Views\pages\auth\edit.php(10): CodeIgniter\Debug\Exceptions->errorHandler(8, 'Trying to access array offset on value of type null', 'C:\\xampp\\htdocs\\web_berita\\app\\Views\\pages\\auth\\edit.php', 10, [...])
 2 SYSTEMPATH\View\View.php(228): include('C:\\xampp\\htdocs\\web_berita\\app\\Views\\pages\\auth\\edit.php')
 3 SYSTEMPATH\View\View.php(231): CodeIgniter\View\View->CodeIgniter\View\{closure}()
 4 SYSTEMPATH\Common.php(1178): CodeIgniter\View\View->render('pages/auth/edit', [], true)
 5 APPPATH\Controllers\admin\user.php(91): view('pages/auth/edit', [...])
 6 SYSTEMPATH\CodeIgniter.php(941): App\Controllers\admin\User->edit('logo.png')
 7 SYSTEMPATH\CodeIgniter.php(502): CodeIgniter\CodeIgniter->runController(Object(App\Controllers\admin\User))
 8 SYSTEMPATH\CodeIgniter.php(361): CodeIgniter\CodeIgniter->handleRequest(null, Object(Config\Cache), false)
 9 FCPATH\index.php(79): CodeIgniter\CodeIgniter->run()
INFO - 2024-01-24 10:22:22 --> Session: Class initialized using 'CodeIgniter\Session\Handlers\FileHandler' driver.
INFO - 2024-01-24 10:22:22 --> Session: Class initialized using 'CodeIgniter\Session\Handlers\FileHandler' driver.
INFO - 2024-01-24 10:23:00 --> Session: Class initialized using 'CodeIgniter\Session\Handlers\FileHandler' driver.
INFO - 2024-01-24 10:23:00 --> Session: Class initialized using 'CodeIgniter\Session\Handlers\FileHandler' driver.
CRITICAL - 2024-01-24 10:23:00 --> ErrorException: Trying to access array offset on value of type null
in APPPATH\Views\pages\auth\edit.php on line 10.
 1 APPPATH\Views\pages\auth\edit.php(10): CodeIgniter\Debug\Exceptions->errorHandler(8, 'Trying to access array offset on value of type null', 'C:\\xampp\\htdocs\\web_berita\\app\\Views\\pages\\auth\\edit.php', 10, [...])
 2 SYSTEMPATH\View\View.php(228): include('C:\\xampp\\htdocs\\web_berita\\app\\Views\\pages\\auth\\edit.php')
 3 SYSTEMPATH\View\View.php(231): CodeIgniter\View\View->CodeIgniter\View\{closure}()
 4 SYSTEMPATH\Common.php(1178): CodeIgniter\View\View->render('pages/auth/edit', [], true)
 5 APPPATH\Controllers\admin\user.php(91): view('pages/auth/edit', [...])
 6 SYSTEMPATH\CodeIgniter.php(941): App\Controllers\admin\User->edit('logo.png')
 7 SYSTEMPATH\CodeIgniter.php(502): CodeIgniter\CodeIgniter->runController(Object(App\Controllers\admin\User))
 8 SYSTEMPATH\CodeIgniter.php(361): CodeIgniter\CodeIgniter->handleRequest(null, Object(Config\Cache), false)
 9 FCPATH\index.php(79): CodeIgniter\CodeIgniter->run()
INFO - 2024-01-24 10:23:07 --> Session: Class initialized using 'CodeIgniter\Session\Handlers\FileHandler' driver.
INFO - 2024-01-24 10:23:07 --> Session: Class initialized using 'CodeIgniter\Session\Handlers\FileHandler' driver.
INFO - 2024-01-24 10:25:27 --> Session: Class initialized using 'CodeIgniter\Session\Handlers\FileHandler' driver.
INFO - 2024-01-24 10:25:28 --> Session: Class initialized using 'CodeIgniter\Session\Handlers\FileHandler' driver.
CRITICAL - 2024-01-24 10:25:28 --> ErrorException: Trying to access array offset on value of type null
in APPPATH\Views\pages\auth\edit.php on line 10.
 1 APPPATH\Views\pages\auth\edit.php(10): CodeIgniter\Debug\Exceptions->errorHandler(8, 'Trying to access array offset on value of type null', 'C:\\xampp\\htdocs\\web_berita\\app\\Views\\pages\\auth\\edit.php', 10, [...])
 2 SYSTEMPATH\View\View.php(228): include('C:\\xampp\\htdocs\\web_berita\\app\\Views\\pages\\auth\\edit.php')
 3 SYSTEMPATH\View\View.php(231): CodeIgniter\View\View->CodeIgniter\View\{closure}()
 4 SYSTEMPATH\Common.php(1178): CodeIgniter\View\View->render('pages/auth/edit', [], true)
 5 APPPATH\Controllers\admin\user.php(91): view('pages/auth/edit', [...])
 6 SYSTEMPATH\CodeIgniter.php(941): App\Controllers\admin\User->edit('logo.png')
 7 SYSTEMPATH\CodeIgniter.php(502): CodeIgniter\CodeIgniter->runController(Object(App\Controllers\admin\User))
 8 SYSTEMPATH\CodeIgniter.php(361): CodeIgniter\CodeIgniter->handleRequest(null, Object(Config\Cache), false)
 9 FCPATH\index.php(79): CodeIgniter\CodeIgniter->run()
INFO - 2024-01-24 10:25:34 --> Session: Class initialized using 'CodeIgniter\Session\Handlers\FileHandler' driver.
INFO - 2024-01-24 10:25:34 --> Session: Class initialized using 'CodeIgniter\Session\Handlers\FileHandler' driver.
INFO - 2024-01-24 10:25:44 --> Session: Class initialized using 'CodeIgniter\Session\Handlers\FileHandler' driver.
INFO - 2024-01-24 10:25:45 --> Session: Class initialized using 'CodeIgniter\Session\Handlers\FileHandler' driver.
CRITICAL - 2024-01-24 10:25:45 --> ErrorException: Trying to access array offset on value of type null
in APPPATH\Views\pages\auth\edit.php on line 10.
 1 APPPATH\Views\pages\auth\edit.php(10): CodeIgniter\Debug\Exceptions->errorHandler(8, 'Trying to access array offset on value of type null', 'C:\\xampp\\htdocs\\web_berita\\app\\Views\\pages\\auth\\edit.php', 10, [...])
 2 SYSTEMPATH\View\View.php(228): include('C:\\xampp\\htdocs\\web_berita\\app\\Views\\pages\\auth\\edit.php')
 3 SYSTEMPATH\View\View.php(231): CodeIgniter\View\View->CodeIgniter\View\{closure}()
 4 SYSTEMPATH\Common.php(1178): CodeIgniter\View\View->render('pages/auth/edit', [], true)
 5 APPPATH\Controllers\admin\user.php(91): view('pages/auth/edit', [...])
 6 SYSTEMPATH\CodeIgniter.php(941): App\Controllers\admin\User->edit('logo.png')
 7 SYSTEMPATH\CodeIgniter.php(502): CodeIgniter\CodeIgniter->runController(Object(App\Controllers\admin\User))
 8 SYSTEMPATH\CodeIgniter.php(361): CodeIgniter\CodeIgniter->handleRequest(null, Object(Config\Cache), false)
 9 FCPATH\index.php(79): CodeIgniter\CodeIgniter->run()
INFO - 2024-01-24 10:25:57 --> Session: Class initialized using 'CodeIgniter\Session\Handlers\FileHandler' driver.
INFO - 2024-01-24 10:25:58 --> Session: Class initialized using 'CodeIgniter\Session\Handlers\FileHandler' driver.
INFO - 2024-01-24 10:35:35 --> Session: Class initialized using 'CodeIgniter\Session\Handlers\FileHandler' driver.
INFO - 2024-01-24 10:35:37 --> Session: Class initialized using 'CodeIgniter\Session\Handlers\FileHandler' driver.
INFO - 2024-01-24 10:35:38 --> Session: Class initialized using 'CodeIgniter\Session\Handlers\FileHandler' driver.
INFO - 2024-01-24 10:35:38 --> Session: Class initialized using 'CodeIgniter\Session\Handlers\FileHandler' driver.
INFO - 2024-01-24 10:35:53 --> Session: Class initialized using 'CodeIgniter\Session\Handlers\FileHandler' driver.
INFO - 2024-01-24 10:35:53 --> Session: Class initialized using 'CodeIgniter\Session\Handlers\FileHandler' driver.
INFO - 2024-01-24 10:35:56 --> Session: Class initialized using 'CodeIgniter\Session\Handlers\FileHandler' driver.
INFO - 2024-01-24 10:35:57 --> Session: Class initialized using 'CodeIgniter\Session\Handlers\FileHandler' driver.
INFO - 2024-01-24 10:35:57 --> Session: Class initialized using 'CodeIgniter\Session\Handlers\FileHandler' driver.
INFO - 2024-01-24 10:36:13 --> Session: Class initialized using 'CodeIgniter\Session\Handlers\FileHandler' driver.
INFO - 2024-01-24 10:36:13 --> Session: Class initialized using 'CodeIgniter\Session\Handlers\FileHandler' driver.
INFO - 2024-01-24 10:36:15 --> Session: Class initialized using 'CodeIgniter\Session\Handlers\FileHandler' driver.
INFO - 2024-01-24 10:36:15 --> Session: Class initialized using 'CodeIgniter\Session\Handlers\FileHandler' driver.
INFO - 2024-01-24 10:36:15 --> Session: Class initialized using 'CodeIgniter\Session\Handlers\FileHandler' driver.
INFO - 2024-01-24 10:36:28 --> Session: Class initialized using 'CodeIgniter\Session\Handlers\FileHandler' driver.
INFO - 2024-01-24 10:36:28 --> Session: Class initialized using 'CodeIgniter\Session\Handlers\FileHandler' driver.
INFO - 2024-01-24 10:37:14 --> Session: Class initialized using 'CodeIgniter\Session\Handlers\FileHandler' driver.
INFO - 2024-01-24 10:37:14 --> Session: Class initialized using 'CodeIgniter\Session\Handlers\FileHandler' driver.
INFO - 2024-01-24 10:37:14 --> Session: Class initialized using 'CodeIgniter\Session\Handlers\FileHandler' driver.
INFO - 2024-01-24 10:37:28 --> Session: Class initialized using 'CodeIgniter\Session\Handlers\FileHandler' driver.
INFO - 2024-01-24 10:37:29 --> Session: Class initialized using 'CodeIgniter\Session\Handlers\FileHandler' driver.
INFO - 2024-01-24 10:39:47 --> Session: Class initialized using 'CodeIgniter\Session\Handlers\FileHandler' driver.
INFO - 2024-01-24 10:39:47 --> Session: Class initialized using 'CodeIgniter\Session\Handlers\FileHandler' driver.
INFO - 2024-01-24 10:39:51 --> Session: Class initialized using 'CodeIgniter\Session\Handlers\FileHandler' driver.
INFO - 2024-01-24 10:39:51 --> Session: Class initialized using 'CodeIgniter\Session\Handlers\FileHandler' driver.
INFO - 2024-01-24 10:39:52 --> Session: Class initialized using 'CodeIgniter\Session\Handlers\FileHandler' driver.
INFO - 2024-01-24 10:40:03 --> Session: Class initialized using 'CodeIgniter\Session\Handlers\FileHandler' driver.
INFO - 2024-01-24 10:40:03 --> Session: Class initialized using 'CodeIgniter\Session\Handlers\FileHandler' driver.
INFO - 2024-01-24 10:40:04 --> Session: Class initialized using 'CodeIgniter\Session\Handlers\FileHandler' driver.
INFO - 2024-01-24 10:40:05 --> Session: Class initialized using 'CodeIgniter\Session\Handlers\FileHandler' driver.
INFO - 2024-01-24 10:40:05 --> Session: Class initialized using 'CodeIgniter\Session\Handlers\FileHandler' driver.
INFO - 2024-01-24 10:40:25 --> Session: Class initialized using 'CodeIgniter\Session\Handlers\FileHandler' driver.
INFO - 2024-01-24 10:40:25 --> Session: Class initialized using 'CodeIgniter\Session\Handlers\FileHandler' driver.
INFO - 2024-01-24 10:50:16 --> Session: Class initialized using 'CodeIgniter\Session\Handlers\FileHandler' driver.
INFO - 2024-01-24 10:50:17 --> Session: Class initialized using 'CodeIgniter\Session\Handlers\FileHandler' driver.
INFO - 2024-01-24 10:50:25 --> Session: Class initialized using 'CodeIgniter\Session\Handlers\FileHandler' driver.
INFO - 2024-01-24 10:50:26 --> Session: Class initialized using 'CodeIgniter\Session\Handlers\FileHandler' driver.
INFO - 2024-01-24 10:50:29 --> Session: Class initialized using 'CodeIgniter\Session\Handlers\FileHandler' driver.
INFO - 2024-01-24 10:50:33 --> Session: Class initialized using 'CodeIgniter\Session\Handlers\FileHandler' driver.
INFO - 2024-01-24 10:50:33 --> Session: Class initialized using 'CodeIgniter\Session\Handlers\FileHandler' driver.
INFO - 2024-01-24 10:50:33 --> Session: Class initialized using 'CodeIgniter\Session\Handlers\FileHandler' driver.
INFO - 2024-01-24 10:50:50 --> Session: Class initialized using 'CodeIgniter\Session\Handlers\FileHandler' driver.
INFO - 2024-01-24 10:50:51 --> Session: Class initialized using 'CodeIgniter\Session\Handlers\FileHandler' driver.
INFO - 2024-01-24 10:50:54 --> Session: Class initialized using 'CodeIgniter\Session\Handlers\FileHandler' driver.
INFO - 2024-01-24 10:50:54 --> Session: Class initialized using 'CodeIgniter\Session\Handlers\FileHandler' driver.
INFO - 2024-01-24 10:50:58 --> Session: Class initialized using 'CodeIgniter\Session\Handlers\FileHandler' driver.
INFO - 2024-01-24 10:52:04 --> Session: Class initialized using 'CodeIgniter\Session\Handlers\FileHandler' driver.
INFO - 2024-01-24 10:52:05 --> Session: Class initialized using 'CodeIgniter\Session\Handlers\FileHandler' driver.
INFO - 2024-01-24 10:52:06 --> Session: Class initialized using 'CodeIgniter\Session\Handlers\FileHandler' driver.
INFO - 2024-01-24 10:52:15 --> Session: Class initialized using 'CodeIgniter\Session\Handlers\FileHandler' driver.
INFO - 2024-01-24 10:52:15 --> Session: Class initialized using 'CodeIgniter\Session\Handlers\FileHandler' driver.
INFO - 2024-01-24 10:53:00 --> Session: Class initialized using 'CodeIgniter\Session\Handlers\FileHandler' driver.
INFO - 2024-01-24 10:53:00 --> Session: Class initialized using 'CodeIgniter\Session\Handlers\FileHandler' driver.
INFO - 2024-01-24 10:53:03 --> Session: Class initialized using 'CodeIgniter\Session\Handlers\FileHandler' driver.
INFO - 2024-01-24 10:53:04 --> Session: Class initialized using 'CodeIgniter\Session\Handlers\FileHandler' driver.
INFO - 2024-01-24 10:53:06 --> Session: Class initialized using 'CodeIgniter\Session\Handlers\FileHandler' driver.
INFO - 2024-01-24 10:53:09 --> Session: Class initialized using 'CodeIgniter\Session\Handlers\FileHandler' driver.
INFO - 2024-01-24 10:53:11 --> Session: Class initialized using 'CodeIgniter\Session\Handlers\FileHandler' driver.
INFO - 2024-01-24 10:53:12 --> Session: Class initialized using 'CodeIgniter\Session\Handlers\FileHandler' driver.
INFO - 2024-01-24 10:53:13 --> Session: Class initialized using 'CodeIgniter\Session\Handlers\FileHandler' driver.
INFO - 2024-01-24 10:53:28 --> Session: Class initialized using 'CodeIgniter\Session\Handlers\FileHandler' driver.
INFO - 2024-01-24 10:53:36 --> Session: Class initialized using 'CodeIgniter\Session\Handlers\FileHandler' driver.
INFO - 2024-01-24 10:53:50 --> Session: Class initialized using 'CodeIgniter\Session\Handlers\FileHandler' driver.
INFO - 2024-01-24 10:53:51 --> Session: Class initialized using 'CodeIgniter\Session\Handlers\FileHandler' driver.
CRITICAL - 2024-01-24 10:53:56 --> CodeIgniter\View\Exceptions\ViewException: Invalid file: "pages/frontend/kesehatan/detail_kesehatan.php"
in SYSTEMPATH\Exceptions\FrameworkException.php on line 39.
 1 SYSTEMPATH\View\View.php(216): CodeIgniter\Exceptions\FrameworkException::forInvalidFile('pages/frontend/kesehatan/detail_kesehatan.php')
 2 SYSTEMPATH\Common.php(1178): CodeIgniter\View\View->render('pages/frontend/kesehatan/detail_kesehatan', [], true)
 3 APPPATH\Controllers\kesehatan.php(48): view('pages/frontend/kesehatan/detail_kesehatan', [...])
 4 SYSTEMPATH\CodeIgniter.php(941): App\Controllers\kesehatan->detail('7')
 5 SYSTEMPATH\CodeIgniter.php(502): CodeIgniter\CodeIgniter->runController(Object(App\Controllers\kesehatan))
 6 SYSTEMPATH\CodeIgniter.php(361): CodeIgniter\CodeIgniter->handleRequest(null, Object(Config\Cache), false)
 7 FCPATH\index.php(79): CodeIgniter\CodeIgniter->run()
CRITICAL - 2024-01-24 10:55:43 --> ErrorException: Undefined variable: bsiswa
in APPPATH\Views\pages\frontend\kesehatan\detail_kesehatan.php on line 6.
 1 APPPATH\Views\pages\frontend\kesehatan\detail_kesehatan.php(6): CodeIgniter\Debug\Exceptions->errorHandler(8, 'Undefined variable: bsiswa', 'C:\\xampp\\htdocs\\web_berita\\app\\Views\\pages\\frontend\\kesehatan\\detail_kesehatan.php', 6, [...])
 2 SYSTEMPATH\View\View.php(228): include('C:\\xampp\\htdocs\\web_berita\\app\\Views\\pages\\frontend\\kesehatan\\detail_kesehatan.php')
 3 SYSTEMPATH\View\View.php(231): CodeIgniter\View\View->CodeIgniter\View\{closure}()
 4 SYSTEMPATH\Common.php(1178): CodeIgniter\View\View->render('pages/frontend/kesehatan/detail_kesehatan', [], true)
 5 APPPATH\Controllers\kesehatan.php(48): view('pages/frontend/kesehatan/detail_kesehatan', [...])
 6 SYSTEMPATH\CodeIgniter.php(941): App\Controllers\kesehatan->detail('7')
 7 SYSTEMPATH\CodeIgniter.php(502): CodeIgniter\CodeIgniter->runController(Object(App\Controllers\kesehatan))
 8 SYSTEMPATH\CodeIgniter.php(361): CodeIgniter\CodeIgniter->handleRequest(null, Object(Config\Cache), false)
 9 FCPATH\index.php(79): CodeIgniter\CodeIgniter->run()
CRITICAL - 2024-01-24 10:56:59 --> CodeIgniter\View\Exceptions\ViewException: Invalid file: "pages/frontend/lalulintas/detail_lalin.php"
in SYSTEMPATH\Exceptions\FrameworkException.php on line 39.
 1 SYSTEMPATH\View\View.php(216): CodeIgniter\Exceptions\FrameworkException::forInvalidFile('pages/frontend/lalulintas/detail_lalin.php')
 2 SYSTEMPATH\Common.php(1178): CodeIgniter\View\View->render('pages/frontend/lalulintas/detail_lalin', [], true)
 3 APPPATH\Controllers\lalin.php(48): view('pages/frontend/lalulintas/detail_lalin', [...])
 4 SYSTEMPATH\CodeIgniter.php(941): App\Controllers\lalin->detail('4')
 5 SYSTEMPATH\CodeIgniter.php(502): CodeIgniter\CodeIgniter->runController(Object(App\Controllers\lalin))
 6 SYSTEMPATH\CodeIgniter.php(361): CodeIgniter\CodeIgniter->handleRequest(null, Object(Config\Cache), false)
 7 FCPATH\index.php(79): CodeIgniter\CodeIgniter->run()
CRITICAL - 2024-01-24 10:57:53 --> CodeIgniter\View\Exceptions\ViewException: Invalid file: "pages/frontend/lalulintas/detail_lalin.php"
in SYSTEMPATH\Exceptions\FrameworkException.php on line 39.
 1 SYSTEMPATH\View\View.php(216): CodeIgniter\Exceptions\FrameworkException::forInvalidFile('pages/frontend/lalulintas/detail_lalin.php')
 2 SYSTEMPATH\Common.php(1178): CodeIgniter\View\View->render('pages/frontend/lalulintas/detail_lalin', [], true)
 3 APPPATH\Controllers\lalin.php(48): view('pages/frontend/lalulintas/detail_lalin', [...])
 4 SYSTEMPATH\CodeIgniter.php(941): App\Controllers\lalin->detail('4')
 5 SYSTEMPATH\CodeIgniter.php(502): CodeIgniter\CodeIgniter->runController(Object(App\Controllers\lalin))
 6 SYSTEMPATH\CodeIgniter.php(361): CodeIgniter\CodeIgniter->handleRequest(null, Object(Config\Cache), false)
 7 FCPATH\index.php(79): CodeIgniter\CodeIgniter->run()
CRITICAL - 2024-01-24 10:58:07 --> ErrorException: Undefined index: foto_kes
in APPPATH\Views\pages\frontend\lalulintas\detail_lalin.php on line 7.
 1 APPPATH\Views\pages\frontend\lalulintas\detail_lalin.php(7): CodeIgniter\Debug\Exceptions->errorHandler(8, 'Undefined index: foto_kes', 'C:\\xampp\\htdocs\\web_berita\\app\\Views\\pages\\frontend\\lalulintas\\detail_lalin.php', 7, [...])
 2 SYSTEMPATH\View\View.php(228): include('C:\\xampp\\htdocs\\web_berita\\app\\Views\\pages\\frontend\\lalulintas\\detail_lalin.php')
 3 SYSTEMPATH\View\View.php(231): CodeIgniter\View\View->CodeIgniter\View\{closure}()
 4 SYSTEMPATH\Common.php(1178): CodeIgniter\View\View->render('pages/frontend/lalulintas/detail_lalin', [], true)
 5 APPPATH\Controllers\lalin.php(48): view('pages/frontend/lalulintas/detail_lalin', [...])
 6 SYSTEMPATH\CodeIgniter.php(941): App\Controllers\lalin->detail('4')
 7 SYSTEMPATH\CodeIgniter.php(502): CodeIgniter\CodeIgniter->runController(Object(App\Controllers\lalin))
 8 SYSTEMPATH\CodeIgniter.php(361): CodeIgniter\CodeIgniter->handleRequest(null, Object(Config\Cache), false)
 9 FCPATH\index.php(79): CodeIgniter\CodeIgniter->run()
INFO - 2024-01-24 11:16:22 --> Session: Class initialized using 'CodeIgniter\Session\Handlers\FileHandler' driver.
INFO - 2024-01-24 11:16:22 --> Session: Class initialized using 'CodeIgniter\Session\Handlers\FileHandler' driver.
INFO - 2024-01-24 11:16:26 --> Session: Class initialized using 'CodeIgniter\Session\Handlers\FileHandler' driver.
INFO - 2024-01-24 11:16:26 --> Session: Class initialized using 'CodeIgniter\Session\Handlers\FileHandler' driver.
INFO - 2024-01-24 11:16:51 --> Session: Class initialized using 'CodeIgniter\Session\Handlers\FileHandler' driver.
INFO - 2024-01-24 11:21:47 --> Session: Class initialized using 'CodeIgniter\Session\Handlers\FileHandler' driver.
CRITICAL - 2024-01-24 11:21:47 --> CodeIgniter\View\Exceptions\ViewException: Invalid file: "pages/backend/admin.php"
in SYSTEMPATH\Exceptions\FrameworkException.php on line 39.
 1 SYSTEMPATH\View\View.php(216): CodeIgniter\Exceptions\FrameworkException::forInvalidFile('pages/backend/admin.php')
 2 SYSTEMPATH\Common.php(1178): CodeIgniter\View\View->render('pages/backend/admin', [], true)
 3 APPPATH\Controllers\admin\Home.php(33): view('pages/backend/admin', [...])
 4 SYSTEMPATH\CodeIgniter.php(941): App\Controllers\admin\home->index()
 5 SYSTEMPATH\CodeIgniter.php(502): CodeIgniter\CodeIgniter->runController(Object(App\Controllers\admin\home))
 6 SYSTEMPATH\CodeIgniter.php(361): CodeIgniter\CodeIgniter->handleRequest(null, Object(Config\Cache), false)
 7 FCPATH\index.php(79): CodeIgniter\CodeIgniter->run()
INFO - 2024-01-24 11:23:33 --> Session: Class initialized using 'CodeIgniter\Session\Handlers\FileHandler' driver.
CRITICAL - 2024-01-24 11:23:33 --> CodeIgniter\View\Exceptions\ViewException: Invalid file: "pages/backend/admin.php"
in SYSTEMPATH\Exceptions\FrameworkException.php on line 39.
 1 SYSTEMPATH\View\View.php(216): CodeIgniter\Exceptions\FrameworkException::forInvalidFile('pages/backend/admin.php')
 2 SYSTEMPATH\Common.php(1178): CodeIgniter\View\View->render('pages/backend/admin', [], true)
 3 APPPATH\Controllers\admin\Home.php(33): view('pages/backend/admin', [...])
 4 SYSTEMPATH\CodeIgniter.php(941): App\Controllers\admin\home->index()
 5 SYSTEMPATH\CodeIgniter.php(502): CodeIgniter\CodeIgniter->runController(Object(App\Controllers\admin\home))
 6 SYSTEMPATH\CodeIgniter.php(361): CodeIgniter\CodeIgniter->handleRequest(null, Object(Config\Cache), false)
 7 FCPATH\index.php(79): CodeIgniter\CodeIgniter->run()
INFO - 2024-01-24 11:23:36 --> Session: Class initialized using 'CodeIgniter\Session\Handlers\FileHandler' driver.
INFO - 2024-01-24 11:23:39 --> Session: Class initialized using 'CodeIgniter\Session\Handlers\FileHandler' driver.
INFO - 2024-01-24 11:23:40 --> Session: Class initialized using 'CodeIgniter\Session\Handlers\FileHandler' driver.
CRITICAL - 2024-01-24 11:23:40 --> CodeIgniter\View\Exceptions\ViewException: Invalid file: "pages/backend/admin.php"
in SYSTEMPATH\Exceptions\FrameworkException.php on line 39.
 1 SYSTEMPATH\View\View.php(216): CodeIgniter\Exceptions\FrameworkException::forInvalidFile('pages/backend/admin.php')
 2 SYSTEMPATH\Common.php(1178): CodeIgniter\View\View->render('pages/backend/admin', [], true)
 3 APPPATH\Controllers\admin\Home.php(33): view('pages/backend/admin', [...])
 4 SYSTEMPATH\CodeIgniter.php(941): App\Controllers\admin\home->index()
 5 SYSTEMPATH\CodeIgniter.php(502): CodeIgniter\CodeIgniter->runController(Object(App\Controllers\admin\home))
 6 SYSTEMPATH\CodeIgniter.php(361): CodeIgniter\CodeIgniter->handleRequest(null, Object(Config\Cache), false)
 7 FCPATH\index.php(79): CodeIgniter\CodeIgniter->run()
INFO - 2024-01-24 11:23:56 --> Session: Class initialized using 'CodeIgniter\Session\Handlers\FileHandler' driver.
CRITICAL - 2024-01-24 11:23:56 --> CodeIgniter\View\Exceptions\ViewException: Invalid file: "pages/backend/admin.php"
in SYSTEMPATH\Exceptions\FrameworkException.php on line 39.
 1 SYSTEMPATH\View\View.php(216): CodeIgniter\Exceptions\FrameworkException::forInvalidFile('pages/backend/admin.php')
 2 SYSTEMPATH\Common.php(1178): CodeIgniter\View\View->render('pages/backend/admin', [], true)
 3 APPPATH\Controllers\admin\Home.php(27): view('pages/backend/admin', [...])
 4 SYSTEMPATH\CodeIgniter.php(941): App\Controllers\admin\home->index()
 5 SYSTEMPATH\CodeIgniter.php(502): CodeIgniter\CodeIgniter->runController(Object(App\Controllers\admin\home))
 6 SYSTEMPATH\CodeIgniter.php(361): CodeIgniter\CodeIgniter->handleRequest(null, Object(Config\Cache), false)
 7 FCPATH\index.php(79): CodeIgniter\CodeIgniter->run()
INFO - 2024-01-24 11:24:26 --> Session: Class initialized using 'CodeIgniter\Session\Handlers\FileHandler' driver.
INFO - 2024-01-24 11:25:03 --> Session: Class initialized using 'CodeIgniter\Session\Handlers\FileHandler' driver.
INFO - 2024-01-24 11:25:12 --> Session: Class initialized using 'CodeIgniter\Session\Handlers\FileHandler' driver.
INFO - 2024-01-24 11:25:55 --> Session: Class initialized using 'CodeIgniter\Session\Handlers\FileHandler' driver.
CRITICAL - 2024-01-24 11:25:55 --> ErrorException: Undefined variable: kes
in APPPATH\Views\pages\backend\index.php on line 26.
 1 APPPATH\Views\pages\backend\index.php(26): CodeIgniter\Debug\Exceptions->errorHandler(8, 'Undefined variable: kes', 'C:\\xampp\\htdocs\\web_berita\\app\\Views\\pages\\backend\\index.php', 26, [...])
 2 SYSTEMPATH\View\View.php(228): include('C:\\xampp\\htdocs\\web_berita\\app\\Views\\pages\\backend\\index.php')
 3 SYSTEMPATH\View\View.php(231): CodeIgniter\View\View->CodeIgniter\View\{closure}()
 4 SYSTEMPATH\Common.php(1178): CodeIgniter\View\View->render('pages/backend/index', [], true)
 5 APPPATH\Controllers\admin\Home.php(33): view('pages/backend/index', [...])
 6 SYSTEMPATH\CodeIgniter.php(941): App\Controllers\admin\home->index()
 7 SYSTEMPATH\CodeIgniter.php(502): CodeIgniter\CodeIgniter->runController(Object(App\Controllers\admin\home))
 8 SYSTEMPATH\CodeIgniter.php(361): CodeIgniter\CodeIgniter->handleRequest(null, Object(Config\Cache), false)
 9 FCPATH\index.php(79): CodeIgniter\CodeIgniter->run()
INFO - 2024-01-24 11:26:08 --> Session: Class initialized using 'CodeIgniter\Session\Handlers\FileHandler' driver.
INFO - 2024-01-24 11:27:11 --> Session: Class initialized using 'CodeIgniter\Session\Handlers\FileHandler' driver.
INFO - 2024-01-24 11:27:17 --> Session: Class initialized using 'CodeIgniter\Session\Handlers\FileHandler' driver.
INFO - 2024-01-24 11:27:30 --> Session: Class initialized using 'CodeIgniter\Session\Handlers\FileHandler' driver.
INFO - 2024-01-24 11:27:37 --> Session: Class initialized using 'CodeIgniter\Session\Handlers\FileHandler' driver.
INFO - 2024-01-24 11:27:38 --> Session: Class initialized using 'CodeIgniter\Session\Handlers\FileHandler' driver.
INFO - 2024-01-24 11:27:39 --> Session: Class initialized using 'CodeIgniter\Session\Handlers\FileHandler' driver.
INFO - 2024-01-24 11:27:40 --> Session: Class initialized using 'CodeIgniter\Session\Handlers\FileHandler' driver.
INFO - 2024-01-24 11:27:42 --> Session: Class initialized using 'CodeIgniter\Session\Handlers\FileHandler' driver.
INFO - 2024-01-24 11:27:43 --> Session: Class initialized using 'CodeIgniter\Session\Handlers\FileHandler' driver.
INFO - 2024-01-24 11:28:10 --> Session: Class initialized using 'CodeIgniter\Session\Handlers\FileHandler' driver.
INFO - 2024-01-24 11:28:23 --> Session: Class initialized using 'CodeIgniter\Session\Handlers\FileHandler' driver.
INFO - 2024-01-24 11:28:25 --> Session: Class initialized using 'CodeIgniter\Session\Handlers\FileHandler' driver.
INFO - 2024-01-24 11:28:26 --> Session: Class initialized using 'CodeIgniter\Session\Handlers\FileHandler' driver.
INFO - 2024-01-24 11:28:27 --> Session: Class initialized using 'CodeIgniter\Session\Handlers\FileHandler' driver.
INFO - 2024-01-24 11:28:28 --> Session: Class initialized using 'CodeIgniter\Session\Handlers\FileHandler' driver.
INFO - 2024-01-24 11:28:29 --> Session: Class initialized using 'CodeIgniter\Session\Handlers\FileHandler' driver.
INFO - 2024-01-24 11:28:29 --> Session: Class initialized using 'CodeIgniter\Session\Handlers\FileHandler' driver.
INFO - 2024-01-24 11:28:31 --> Session: Class initialized using 'CodeIgniter\Session\Handlers\FileHandler' driver.
INFO - 2024-01-24 11:28:31 --> Session: Class initialized using 'CodeIgniter\Session\Handlers\FileHandler' driver.
INFO - 2024-01-24 11:28:35 --> Session: Class initialized using 'CodeIgniter\Session\Handlers\FileHandler' driver.
INFO - 2024-01-24 11:28:35 --> Session: Class initialized using 'CodeIgniter\Session\Handlers\FileHandler' driver.
INFO - 2024-01-24 11:28:37 --> Session: Class initialized using 'CodeIgniter\Session\Handlers\FileHandler' driver.
INFO - 2024-01-24 11:28:38 --> Session: Class initialized using 'CodeIgniter\Session\Handlers\FileHandler' driver.
INFO - 2024-01-24 11:28:39 --> Session: Class initialized using 'CodeIgniter\Session\Handlers\FileHandler' driver.
INFO - 2024-01-24 11:28:44 --> Session: Class initialized using 'CodeIgniter\Session\Handlers\FileHandler' driver.
INFO - 2024-01-24 11:31:56 --> Session: Class initialized using 'CodeIgniter\Session\Handlers\FileHandler' driver.
INFO - 2024-01-24 11:31:58 --> Session: Class initialized using 'CodeIgniter\Session\Handlers\FileHandler' driver.
INFO - 2024-01-24 11:31:58 --> Session: Class initialized using 'CodeIgniter\Session\Handlers\FileHandler' driver.
CRITICAL - 2024-01-24 11:31:58 --> ErrorException: Trying to access array offset on value of type null
in APPPATH\Views\pages\backend\kesehatan\edit.php on line 11.
 1 APPPATH\Views\pages\backend\kesehatan\edit.php(11): CodeIgniter\Debug\Exceptions->errorHandler(8, 'Trying to access array offset on value of type null', 'C:\\xampp\\htdocs\\web_berita\\app\\Views\\pages\\backend\\kesehatan\\edit.php', 11, [...])
 2 SYSTEMPATH\View\View.php(228): include('C:\\xampp\\htdocs\\web_berita\\app\\Views\\pages\\backend\\kesehatan\\edit.php')
 3 SYSTEMPATH\View\View.php(231): CodeIgniter\View\View->CodeIgniter\View\{closure}()
 4 SYSTEMPATH\Common.php(1178): CodeIgniter\View\View->render('pages/backend/kesehatan/edit', [], true)
 5 APPPATH\Controllers\admin\kesehatan.php(110): view('pages/backend/kesehatan/edit', [...])
 6 SYSTEMPATH\CodeIgniter.php(941): App\Controllers\admin\kesehatan->edit('logo.png')
 7 SYSTEMPATH\CodeIgniter.php(502): CodeIgniter\CodeIgniter->runController(Object(App\Controllers\admin\kesehatan))
 8 SYSTEMPATH\CodeIgniter.php(361): CodeIgniter\CodeIgniter->handleRequest(null, Object(Config\Cache), false)
 9 FCPATH\index.php(79): CodeIgniter\CodeIgniter->run()
INFO - 2024-01-24 11:32:06 --> Session: Class initialized using 'CodeIgniter\Session\Handlers\FileHandler' driver.
INFO - 2024-01-24 11:32:06 --> Session: Class initialized using 'CodeIgniter\Session\Handlers\FileHandler' driver.
INFO - 2024-01-24 11:33:10 --> Session: Class initialized using 'CodeIgniter\Session\Handlers\FileHandler' driver.
INFO - 2024-01-24 11:33:10 --> Session: Class initialized using 'CodeIgniter\Session\Handlers\FileHandler' driver.
INFO - 2024-01-24 11:33:10 --> Session: Class initialized using 'CodeIgniter\Session\Handlers\FileHandler' driver.
INFO - 2024-01-24 11:33:13 --> Session: Class initialized using 'CodeIgniter\Session\Handlers\FileHandler' driver.
INFO - 2024-01-24 11:33:29 --> Session: Class initialized using 'CodeIgniter\Session\Handlers\FileHandler' driver.
INFO - 2024-01-24 11:33:32 --> Session: Class initialized using 'CodeIgniter\Session\Handlers\FileHandler' driver.
INFO - 2024-01-24 11:33:35 --> Session: Class initialized using 'CodeIgniter\Session\Handlers\FileHandler' driver.
INFO - 2024-01-24 11:40:15 --> Session: Class initialized using 'CodeIgniter\Session\Handlers\FileHandler' driver.
INFO - 2024-01-24 11:49:10 --> Session: Class initialized using 'CodeIgniter\Session\Handlers\FileHandler' driver.
INFO - 2024-01-24 11:52:01 --> Session: Class initialized using 'CodeIgniter\Session\Handlers\FileHandler' driver.
INFO - 2024-01-24 11:52:16 --> Session: Class initialized using 'CodeIgniter\Session\Handlers\FileHandler' driver.
INFO - 2024-01-24 11:52:57 --> Session: Class initialized using 'CodeIgniter\Session\Handlers\FileHandler' driver.
INFO - 2024-01-24 11:55:35 --> Session: Class initialized using 'CodeIgniter\Session\Handlers\FileHandler' driver.
INFO - 2024-01-24 11:55:35 --> Session: Class initialized using 'CodeIgniter\Session\Handlers\FileHandler' driver.
INFO - 2024-01-24 11:55:35 --> Session: Class initialized using 'CodeIgniter\Session\Handlers\FileHandler' driver.
INFO - 2024-01-24 11:55:37 --> Session: Class initialized using 'CodeIgniter\Session\Handlers\FileHandler' driver.
INFO - 2024-01-24 11:55:39 --> Session: Class initialized using 'CodeIgniter\Session\Handlers\FileHandler' driver.
INFO - 2024-01-24 11:55:39 --> Session: Class initialized using 'CodeIgniter\Session\Handlers\FileHandler' driver.
INFO - 2024-01-24 11:55:39 --> Session: Class initialized using 'CodeIgniter\Session\Handlers\FileHandler' driver.
INFO - 2024-01-24 12:09:15 --> Session: Class initialized using 'CodeIgniter\Session\Handlers\FileHandler' driver.
INFO - 2024-01-24 12:09:16 --> Session: Class initialized using 'CodeIgniter\Session\Handlers\FileHandler' driver.
INFO - 2024-01-24 12:09:17 --> Session: Class initialized using 'CodeIgniter\Session\Handlers\FileHandler' driver.
INFO - 2024-01-24 12:09:17 --> Session: Class initialized using 'CodeIgniter\Session\Handlers\FileHandler' driver.
INFO - 2024-01-24 12:10:37 --> Session: Class initialized using 'CodeIgniter\Session\Handlers\FileHandler' driver.
INFO - 2024-01-24 12:10:39 --> Session: Class initialized using 'CodeIgniter\Session\Handlers\FileHandler' driver.
INFO - 2024-01-24 12:10:40 --> Session: Class initialized using 'CodeIgniter\Session\Handlers\FileHandler' driver.
INFO - 2024-01-24 12:10:40 --> Session: Class initialized using 'CodeIgniter\Session\Handlers\FileHandler' driver.
INFO - 2024-01-24 12:13:16 --> Session: Class initialized using 'CodeIgniter\Session\Handlers\FileHandler' driver.
INFO - 2024-01-24 12:13:17 --> Session: Class initialized using 'CodeIgniter\Session\Handlers\FileHandler' driver.
INFO - 2024-01-24 12:13:18 --> Session: Class initialized using 'CodeIgniter\Session\Handlers\FileHandler' driver.
INFO - 2024-01-24 12:13:18 --> Session: Class initialized using 'CodeIgniter\Session\Handlers\FileHandler' driver.
INFO - 2024-01-24 12:16:34 --> Session: Class initialized using 'CodeIgniter\Session\Handlers\FileHandler' driver.
INFO - 2024-01-24 12:16:36 --> Session: Class initialized using 'CodeIgniter\Session\Handlers\FileHandler' driver.
INFO - 2024-01-24 12:16:36 --> Session: Class initialized using 'CodeIgniter\Session\Handlers\FileHandler' driver.
CRITICAL - 2024-01-24 12:16:36 --> ErrorException: Trying to access array offset on value of type null
in APPPATH\Views\pages\auth\edit.php on line 10.
 1 APPPATH\Views\pages\auth\edit.php(10): CodeIgniter\Debug\Exceptions->errorHandler(8, 'Trying to access array offset on value of type null', 'C:\\xampp\\htdocs\\web_berita\\app\\Views\\pages\\auth\\edit.php', 10, [...])
 2 SYSTEMPATH\View\View.php(228): include('C:\\xampp\\htdocs\\web_berita\\app\\Views\\pages\\auth\\edit.php')
 3 SYSTEMPATH\View\View.php(231): CodeIgniter\View\View->CodeIgniter\View\{closure}()
 4 SYSTEMPATH\Common.php(1178): CodeIgniter\View\View->render('pages/auth/edit', [], true)
 5 APPPATH\Controllers\admin\user.php(91): view('pages/auth/edit', [...])
 6 SYSTEMPATH\CodeIgniter.php(941): App\Controllers\admin\User->edit('logo.png')
 7 SYSTEMPATH\CodeIgniter.php(502): CodeIgniter\CodeIgniter->runController(Object(App\Controllers\admin\User))
 8 SYSTEMPATH\CodeIgniter.php(361): CodeIgniter\CodeIgniter->handleRequest(null, Object(Config\Cache), false)
 9 FCPATH\index.php(79): CodeIgniter\CodeIgniter->run()
INFO - 2024-01-24 12:41:20 --> Session: Class initialized using 'CodeIgniter\Session\Handlers\FileHandler' driver.
INFO - 2024-01-24 14:55:49 --> Session: Class initialized using 'CodeIgniter\Session\Handlers\FileHandler' driver.
INFO - 2024-01-24 14:55:49 --> Session: Class initialized using 'CodeIgniter\Session\Handlers\FileHandler' driver.
INFO - 2024-01-24 14:59:41 --> Session: Class initialized using 'CodeIgniter\Session\Handlers\FileHandler' driver.
INFO - 2024-01-24 14:59:41 --> Session: Class initialized using 'CodeIgniter\Session\Handlers\FileHandler' driver.
INFO - 2024-01-24 14:59:46 --> Session: Class initialized using 'CodeIgniter\Session\Handlers\FileHandler' driver.
INFO - 2024-01-24 14:59:46 --> Session: Class initialized using 'CodeIgniter\Session\Handlers\FileHandler' driver.
INFO - 2024-01-24 14:59:51 --> Session: Class initialized using 'CodeIgniter\Session\Handlers\FileHandler' driver.
INFO - 2024-01-24 14:59:53 --> Session: Class initialized using 'CodeIgniter\Session\Handlers\FileHandler' driver.
INFO - 2024-01-24 15:00:11 --> Session: Class initialized using 'CodeIgniter\Session\Handlers\FileHandler' driver.
